timestamp,open,high,low,close,volume
2019-06-17 06:55:20,1.1210,1.1210,1.1202,1.1207,0
2019-06-17 06:30:00,1.1209,1.1210,1.1200,1.1210,0
2019-06-17 06:00:00,1.1205,1.1210,1.1200,1.1209,0
2019-06-17 05:30:00,1.1209,1.1210,1.1200,1.1205,0
2019-06-17 05:00:00,1.1203,1.1209,1.1198,1.1208,0
2019-06-17 04:30:00,1.1200,1.1205,1.1195,1.1202,0
2019-06-17 04:00:00,1.1200,1.1203,1.1186,1.1201,0
2019-06-17 03:30:00,1.1197,1.1201,1.1189,1.1200,0
2019-06-17 03:00:00,1.1205,1.1206,1.1192,1.1197,0
2019-06-17 02:30:00,1.1207,1.1208,1.1197,1.1205,0
2019-06-17 02:00:00,1.1206,1.1207,1.1199,1.1206,0
2019-06-17 01:30:00,1.1210,1.1211,1.1202,1.1207,0
2019-06-17 01:00:00,1.1211,1.1212,1.1205,1.1211,0
2019-06-17 00:30:00,1.1215,1.1215,1.1206,1.1211,0
2019-06-17 00:00:00,1.1213,1.1216,1.1209,1.1215,0
2019-06-16 23:30:00,1.1214,1.1214,1.1207,1.1213,0
2019-06-16 23:00:00,1.1208,1.1214,1.1204,1.1214,0
2019-06-16 22:30:00,1.1209,1.1210,1.1202,1.1209,0
2019-06-16 22:00:00,1.1209,1.1211,1.1204,1.1209,0
2019-06-16 21:30:00,1.1205,1.1210,1.1201,1.1209,0
2019-06-16 21:00:00,1.1206,1.1208,1.1200,1.1205,0
2019-06-16 20:30:00,1.1206,1.1207,1.1199,1.1206,0
2019-06-16 20:00:00,1.1198,1.1206,1.1195,1.1205,0
2019-06-16 19:30:00,1.1198,1.1199,1.1193,1.1199,0
2019-06-16 19:00:00,1.1193,1.1199,1.1192,1.1198,0
2019-06-14 17:00:00,1.1195,1.1198,1.1190,1.1193,0
2019-06-14 16:30:00,1.1196,1.1197,1.1189,1.1195,0
2019-06-14 16:00:00,1.1196,1.1198,1.1191,1.1197,0
2019-06-14 15:30:00,1.1198,1.1199,1.1193,1.1197,0
2019-06-14 15:00:00,1.1201,1.1202,1.1192,1.1198,0
2019-06-14 14:30:00,1.1198,1.1202,1.1193,1.1201,0
2019-06-14 14:00:00,1.1198,1.1199,1.1191,1.1198,0
2019-06-14 13:30:00,1.1198,1.1200,1.1192,1.1198,0
2019-06-14 13:00:00,1.1198,1.1200,1.1192,1.1198,0
2019-06-14 12:30:00,1.1203,1.1204,1.1194,1.1198,0
2019-06-14 12:00:00,1.1208,1.1209,1.1196,1.1203,0
2019-06-14 11:30:00,1.1203,1.1211,1.1198,1.1208,0
2019-06-14 11:00:00,1.1199,1.1207,1.1194,1.1204,0
2019-06-14 10:30:00,1.1201,1.1202,1.1192,1.1200,0
2019-06-14 10:00:00,1.1205,1.1207,1.1192,1.1200,0
2019-06-14 09:30:00,1.1204,1.1207,1.1198,1.1205,0
2019-06-14 09:00:00,1.1216,1.1216,1.1200,1.1205,0
2019-06-14 08:30:00,1.1211,1.1219,1.1205,1.1215,0
2019-06-14 08:00:00,1.1210,1.1212,1.1204,1.1211,0
2019-06-14 07:30:00,1.1208,1.1213,1.1203,1.1210,0
2019-06-14 07:00:00,1.1216,1.1217,1.1202,1.1206,0
2019-06-14 06:30:00,1.1218,1.1219,1.1209,1.1216,0
2019-06-14 06:00:00,1.1217,1.1221,1.1210,1.1217,0
2019-06-14 05:30:00,1.1223,1.1223,1.1212,1.1216,0
2019-06-14 05:00:00,1.1223,1.1228,1.1214,1.1223,0
2019-06-14 04:30:00,1.1217,1.1224,1.1211,1.1223,0
2019-06-14 04:00:00,1.1202,1.1221,1.1198,1.1217,0
2019-06-14 03:30:00,1.1205,1.1208,1.1191,1.1202,0
2019-06-14 03:00:00,1.1207,1.1207,1.1197,1.1205,0
2019-06-14 02:30:00,1.1205,1.1209,1.1198,1.1207,0
2019-06-14 02:00:00,1.1207,1.1208,1.1200,1.1205,0
2019-06-14 01:30:00,1.1208,1.1208,1.1201,1.1207,0
2019-06-14 01:00:00,1.1207,1.1208,1.1201,1.1208,0
2019-06-14 00:30:00,1.1205,1.1207,1.1199,1.1206,0
2019-06-14 00:00:00,1.1206,1.1206,1.1200,1.1205,0
2019-06-13 23:30:00,1.1203,1.1207,1.1197,1.1206,0
2019-06-13 23:00:00,1.1200,1.1206,1.1195,1.1201,0
2019-06-13 22:30:00,1.1199,1.1202,1.1194,1.1200,0
2019-06-13 22:00:00,1.1200,1.1201,1.1193,1.1198,0
2019-06-13 21:30:00,1.1198,1.1201,1.1193,1.1200,0
2019-06-13 21:00:00,1.1205,1.1207,1.1195,1.1198,0
2019-06-13 20:30:00,1.1205,1.1208,1.1200,1.1205,0
2019-06-13 20:00:00,1.1208,1.1210,1.1198,1.1205,0
2019-06-13 19:30:00,1.1206,1.1209,1.1201,1.1208,0
2019-06-13 19:00:00,1.1208,1.1208,1.1201,1.1206,0
2019-06-13 18:30:00,1.1209,1.1210,1.1202,1.1208,0
2019-06-13 18:00:00,1.1208,1.1212,1.1202,1.1208,0
2019-06-13 17:30:00,1.1204,1.1212,1.1201,1.1207,0
2019-06-13 17:00:00,1.1208,1.1210,1.1202,1.1204,0
2019-06-13 16:30:00,1.1210,1.1211,1.1203,1.1208,0
2019-06-13 16:00:00,1.1206,1.1211,1.1201,1.1210,0
2019-06-13 15:30:00,1.1206,1.1208,1.1200,1.1205,0
2019-06-13 15:00:00,1.1206,1.1207,1.1200,1.1206,0
2019-06-13 14:30:00,1.1207,1.1207,1.1197,1.1206,0
2019-06-13 14:00:00,1.1210,1.1212,1.1202,1.1207,0
2019-06-13 13:30:00,1.1214,1.1215,1.1206,1.1211,0
2019-06-13 13:00:00,1.1218,1.1219,1.1210,1.1215,0
2019-06-13 12:30:00,1.1214,1.1218,1.1208,1.1217,0
2019-06-13 12:00:00,1.1216,1.1219,1.1208,1.1214,0
2019-06-13 11:30:00,1.1212,1.1217,1.1208,1.1216,0
2019-06-13 11:00:00,1.1209,1.1216,1.1204,1.1212,0
2019-06-13 10:30:00,1.1206,1.1209,1.1198,1.1209,0
2019-06-13 10:00:00,1.1205,1.1208,1.1195,1.1206,0
2019-06-13 09:30:00,1.1202,1.1206,1.1197,1.1205,0
2019-06-13 09:00:00,1.1209,1.1210,1.1197,1.1202,0
2019-06-13 08:30:00,1.1206,1.1210,1.1198,1.1209,0
2019-06-13 08:00:00,1.1203,1.1208,1.1198,1.1206,0
2019-06-13 07:30:00,1.1209,1.1210,1.1198,1.1203,0
2019-06-13 07:00:00,1.1212,1.1213,1.1202,1.1209,0
2019-06-13 06:30:00,1.1220,1.1221,1.1208,1.1212,0
2019-06-13 06:00:00,1.1216,1.1221,1.1207,1.1220,0
2019-06-13 05:30:00,1.1210,1.1217,1.1206,1.1216,0
2019-06-13 05:00:00,1.1219,1.1219,1.1200,1.1211,0
2019-06-13 04:30:00,1.1219,1.1224,1.1211,1.1219,0
2019-06-13 04:00:00,1.1224,1.1225,1.1211,1.1219,0
2019-06-13 03:30:00,1.1243,1.1246,1.1220,1.1224,0
2019-06-13 03:00:00,1.1242,1.1250,1.1234,1.1242,0
2019-06-13 02:30:00,1.1241,1.1244,1.1234,1.1242,0
2019-06-13 02:00:00,1.1237,1.1242,1.1234,1.1241,0
2019-06-13 01:30:00,1.1234,1.1238,1.1229,1.1238,0
2019-06-13 01:00:00,1.1236,1.1237,1.1229,1.1233,0
2019-06-13 00:30:00,1.1235,1.1237,1.1228,1.1236,0
2019-06-13 00:00:00,1.1233,1.1235,1.1227,1.1234,0
2019-06-12 23:30:00,1.1231,1.1236,1.1226,1.1232,0
2019-06-12 23:00:00,1.1225,1.1231,1.1219,1.1231,0
2019-06-12 22:30:00,1.1230,1.1231,1.1220,1.1225,0
2019-06-12 22:00:00,1.1236,1.1238,1.1227,1.1230,0
2019-06-12 21:30:00,1.1238,1.1240,1.1233,1.1238,0
2019-06-12 21:00:00,1.1239,1.1240,1.1233,1.1238,0
2019-06-12 20:30:00,1.1238,1.1241,1.1233,1.1239,0
2019-06-12 20:00:00,1.1236,1.1238,1.1230,1.1238,0
2019-06-12 19:30:00,1.1237,1.1238,1.1230,1.1236,0
2019-06-12 19:00:00,1.1239,1.1239,1.1233,1.1237,0
2019-06-12 18:30:00,1.1236,1.1239,1.1231,1.1239,0
2019-06-12 18:00:00,1.1236,1.1240,1.1231,1.1236,0
2019-06-12 17:30:00,1.1235,1.1241,1.1229,1.1237,0
2019-06-12 17:00:00,1.1237,1.1239,1.1230,1.1235,0
2019-06-12 16:30:00,1.1239,1.1240,1.1232,1.1236,0
2019-06-12 16:00:00,1.1238,1.1240,1.1233,1.1239,0
2019-06-12 15:30:00,1.1238,1.1240,1.1233,1.1238,0
2019-06-12 15:00:00,1.1235,1.1240,1.1231,1.1238,0
2019-06-12 14:30:00,1.1238,1.1239,1.1231,1.1235,0
2019-06-12 14:00:00,1.1237,1.1241,1.1233,1.1237,0
2019-06-12 13:30:00,1.1242,1.1242,1.1232,1.1237,0
2019-06-12 13:00:00,1.1241,1.1245,1.1236,1.1242,0
2019-06-12 12:30:00,1.1247,1.1250,1.1236,1.1241,0
2019-06-12 12:00:00,1.1249,1.1250,1.1241,1.1247,0
2019-06-12 11:30:00,1.1257,1.1260,1.1245,1.1250,0
2019-06-12 11:00:00,1.1252,1.1258,1.1244,1.1257,0
2019-06-12 10:30:00,1.1252,1.1253,1.1244,1.1252,0
2019-06-12 10:00:00,1.1252,1.1257,1.1246,1.1251,0
2019-06-12 09:30:00,1.1256,1.1259,1.1248,1.1252,0
2019-06-12 09:00:00,1.1256,1.1260,1.1248,1.1256,0
2019-06-12 08:30:00,1.1251,1.1264,1.1247,1.1256,0
2019-06-12 08:00:00,1.1253,1.1256,1.1245,1.1251,0
2019-06-12 07:30:00,1.1254,1.1256,1.1244,1.1255,0
2019-06-12 07:00:00,1.1248,1.1254,1.1236,1.1254,0
2019-06-12 06:30:00,1.1241,1.1248,1.1235,1.1248,0
2019-06-12 06:00:00,1.1234,1.1242,1.1228,1.1241,0
2019-06-12 05:30:00,1.1238,1.1239,1.1228,1.1233,0
2019-06-12 05:00:00,1.1238,1.1244,1.1231,1.1238,0
2019-06-12 04:30:00,1.1246,1.1248,1.1234,1.1238,0
2019-06-12 04:00:00,1.1231,1.1248,1.1226,1.1247,0
2019-06-12 03:30:00,1.1232,1.1234,1.1225,1.1231,0
2019-06-12 03:00:00,1.1230,1.1234,1.1222,1.1232,0
2019-06-12 02:30:00,1.1235,1.1236,1.1226,1.1230,0
2019-06-12 02:00:00,1.1236,1.1237,1.1229,1.1235,0
2019-06-12 01:30:00,1.1238,1.1239,1.1230,1.1236,0
2019-06-12 01:00:00,1.1236,1.1241,1.1232,1.1238,0
2019-06-12 00:30:00,1.1239,1.1240,1.1232,1.1236,0
2019-06-12 00:00:00,1.1241,1.1242,1.1235,1.1239,0
2019-06-11 23:30:00,1.1240,1.1242,1.1235,1.1241,0
2019-06-11 23:00:00,1.1241,1.1243,1.1235,1.1240,0
2019-06-11 22:30:00,1.1237,1.1241,1.1232,1.1241,0
2019-06-11 22:00:00,1.1239,1.1240,1.1232,1.1237,0
2019-06-11 21:30:00,1.1242,1.1242,1.1233,1.1240,0
2019-06-11 21:00:00,1.1245,1.1245,1.1236,1.1241,0
2019-06-11 20:30:00,1.1244,1.1247,1.1239,1.1245,0
2019-06-11 20:00:00,1.1242,1.1245,1.1238,1.1244,0
2019-06-11 19:30:00,1.1242,1.1243,1.1237,1.1242,0
2019-06-11 19:00:00,1.1242,1.1243,1.1237,1.1242,0
2019-06-11 18:30:00,1.1242,1.1243,1.1236,1.1243,0
2019-06-11 18:00:00,1.1241,1.1243,1.1236,1.1241,0
2019-06-11 17:30:00,1.1241,1.1243,1.1236,1.1241,0
2019-06-11 17:00:00,1.1237,1.1241,1.1232,1.1241,0
2019-06-11 16:30:00,1.1238,1.1240,1.1233,1.1237,0
2019-06-11 16:00:00,1.1241,1.1241,1.1233,1.1239,0
2019-06-11 15:30:00,1.1241,1.1243,1.1236,1.1241,0
2019-06-11 15:00:00,1.1240,1.1242,1.1233,1.1241,0
2019-06-11 14:30:00,1.1236,1.1240,1.1231,1.1239,0
2019-06-11 14:00:00,1.1237,1.1238,1.1230,1.1236,0
2019-06-11 13:30:00,1.1237,1.1239,1.1230,1.1237,0
2019-06-11 13:00:00,1.1238,1.1244,1.1231,1.1236,0
2019-06-11 12:30:00,1.1235,1.1241,1.1231,1.1238,0
2019-06-11 12:00:00,1.1232,1.1236,1.1224,1.1235,0
2019-06-11 11:30:00,1.1234,1.1236,1.1226,1.1232,0
2019-06-11 11:00:00,1.1231,1.1235,1.1225,1.1235,0
2019-06-11 10:30:00,1.1234,1.1240,1.1228,1.1231,0
2019-06-11 10:00:00,1.1236,1.1238,1.1228,1.1234,0
2019-06-11 09:30:00,1.1226,1.1237,1.1223,1.1236,0
2019-06-11 09:00:00,1.1233,1.1233,1.1222,1.1229,0
2019-06-11 08:30:00,1.1232,1.1235,1.1222,1.1233,0
2019-06-11 08:00:00,1.1217,1.1236,1.1211,1.1232,0
2019-06-11 07:30:00,1.1219,1.1221,1.1211,1.1217,0
2019-06-11 07:00:00,1.1223,1.1225,1.1214,1.1219,0
2019-06-11 06:30:00,1.1230,1.1231,1.1218,1.1223,0
2019-06-11 06:00:00,1.1226,1.1230,1.1219,1.1230,0
2019-06-11 05:30:00,1.1216,1.1227,1.1213,1.1226,0
2019-06-11 05:00:00,1.1208,1.1216,1.1203,1.1215,0
2019-06-11 04:30:00,1.1207,1.1210,1.1202,1.1207,0
2019-06-11 04:00:00,1.1209,1.1211,1.1198,1.1207,0
2019-06-11 03:30:00,1.1208,1.1213,1.1204,1.1209,0
2019-06-11 03:00:00,1.1210,1.1210,1.1199,1.1208,0
2019-06-11 02:30:00,1.1210,1.1212,1.1203,1.1209,0
2019-06-11 02:00:00,1.1203,1.1212,1.1198,1.1210,0
2019-06-11 01:30:00,1.1204,1.1206,1.1199,1.1203,0
2019-06-11 01:00:00,1.1204,1.1204,1.1198,1.1203,0
2019-06-11 00:30:00,1.1201,1.1204,1.1196,1.1203,0
2019-06-11 00:00:00,1.1201,1.1202,1.1196,1.1201,0
2019-06-10 23:30:00,1.1200,1.1202,1.1196,1.1201,0
2019-06-10 23:00:00,1.1199,1.1203,1.1194,1.1200,0
2019-06-10 22:30:00,1.1196,1.1199,1.1191,1.1199,0
2019-06-10 22:00:00,1.1199,1.1200,1.1191,1.1196,0
2019-06-10 21:30:00,1.1197,1.1201,1.1192,1.1199,0
2019-06-10 21:00:00,1.1198,1.1200,1.1192,1.1197,0
2019-06-10 20:30:00,1.1195,1.1198,1.1190,1.1197,0
2019-06-10 20:00:00,1.1197,1.1199,1.1191,1.1195,0
2019-06-10 19:30:00,1.1197,1.1199,1.1191,1.1197,0
2019-06-10 19:00:00,1.1197,1.1200,1.1190,1.1196,0
2019-06-10 18:30:00,1.1195,1.1197,1.1190,1.1197,0
2019-06-10 18:00:00,1.1194,1.1201,1.1188,1.1195,0
2019-06-10 17:30:00,1.1194,1.1200,1.1188,1.1194,0
2019-06-10 17:00:00,1.1199,1.1199,1.1189,1.1191,0
2019-06-10 16:30:00,1.1199,1.1201,1.1194,1.1199,0
2019-06-10 16:00:00,1.1198,1.1199,1.1193,1.1199,0
2019-06-10 15:30:00,1.1194,1.1199,1.1190,1.1198,0
2019-06-10 15:00:00,1.1198,1.1199,1.1190,1.1194,0
2019-06-10 14:30:00,1.1195,1.1199,1.1190,1.1198,0
2019-06-10 14:00:00,1.1196,1.1199,1.1190,1.1196,0
2019-06-10 13:30:00,1.1198,1.1201,1.1191,1.1195,0
2019-06-10 13:00:00,1.1196,1.1199,1.1190,1.1198,0
2019-06-10 12:30:00,1.1196,1.1197,1.1189,1.1195,0
2019-06-10 12:00:00,1.1196,1.1197,1.1190,1.1195,0
2019-06-10 11:30:00,1.1200,1.1201,1.1191,1.1196,0
2019-06-10 11:00:00,1.1207,1.1207,1.1195,1.1200,0
2019-06-10 10:30:00,1.1205,1.1207,1.1199,1.1207,0
2019-06-10 10:00:00,1.1204,1.1206,1.1191,1.1205,0
2019-06-10 09:30:00,1.1198,1.1205,1.1193,1.1204,0
2019-06-10 09:00:00,1.1201,1.1201,1.1189,1.1198,0
2019-06-10 08:30:00,1.1200,1.1205,1.1194,1.1201,0
2019-06-10 08:00:00,1.1198,1.1206,1.1193,1.1200,0
2019-06-10 07:30:00,1.1200,1.1202,1.1192,1.1198,0
2019-06-10 07:00:00,1.1204,1.1205,1.1193,1.1201,0
2019-06-10 06:30:00,1.1203,1.1205,1.1197,1.1203,0
2019-06-10 06:00:00,1.1201,1.1205,1.1196,1.1202,0
2019-06-10 05:30:00,1.1199,1.1202,1.1192,1.1201,0
2019-06-10 05:00:00,1.1187,1.1201,1.1181,1.1199,0
2019-06-10 04:30:00,1.1193,1.1195,1.1184,1.1187,0
2019-06-10 04:00:00,1.1194,1.1199,1.1188,1.1193,0
2019-06-10 03:30:00,1.1199,1.1202,1.1188,1.1194,0
2019-06-10 03:00:00,1.1201,1.1204,1.1193,1.1199,0
2019-06-10 02:30:00,1.1203,1.1205,1.1196,1.1201,0
2019-06-10 02:00:00,1.1201,1.1203,1.1195,1.1203,0
2019-06-10 01:30:00,1.1206,1.1207,1.1197,1.1201,0
2019-06-10 01:00:00,1.1205,1.1208,1.1200,1.1206,0
2019-06-10 00:30:00,1.1205,1.1206,1.1198,1.1206,0
2019-06-10 00:00:00,1.1207,1.1208,1.1199,1.1205,0
2019-06-09 23:30:00,1.1205,1.1207,1.1199,1.1207,0
2019-06-09 23:00:00,1.1207,1.1208,1.1199,1.1204,0
2019-06-09 22:30:00,1.1208,1.1209,1.1201,1.1206,0
2019-06-09 22:00:00,1.1207,1.1208,1.1200,1.1208,0
2019-06-09 21:30:00,1.1208,1.1210,1.1202,1.1207,0
2019-06-09 21:00:00,1.1206,1.1209,1.1200,1.1208,0
2019-06-09 20:30:00,1.1204,1.1207,1.1200,1.1207,0
2019-06-09 20:00:00,1.1208,1.1209,1.1200,1.1204,0
2019-06-09 19:30:00,1.1206,1.1208,1.1201,1.1208,0
2019-06-09 19:00:00,1.1190,1.1206,1.1197,1.1205,0
2019-06-07 17:30:00,1.1190,1.1190,1.1190,1.1190,0
2019-06-07 17:00:00,1.1193,1.1201,1.1188,1.1190,0
2019-06-07 16:30:00,1.1190,1.1193,1.1183,1.1193,0
2019-06-07 16:00:00,1.1191,1.1192,1.1185,1.1190,0
2019-06-07 15:30:00,1.1189,1.1192,1.1183,1.1191,0
2019-06-07 15:00:00,1.1192,1.1192,1.1182,1.1189,0
2019-06-07 14:30:00,1.1191,1.1193,1.1185,1.1192,0
2019-06-07 14:00:00,1.1193,1.1193,1.1184,1.1190,0
2019-06-07 13:30:00,1.1190,1.1196,1.1185,1.1193,0
2019-06-07 13:00:00,1.1184,1.1192,1.1178,1.1190,0
2019-06-07 12:30:00,1.1185,1.1188,1.1177,1.1184,0
2019-06-07 12:00:00,1.1188,1.1191,1.1178,1.1185,0
2019-06-07 11:30:00,1.1189,1.1191,1.1180,1.1189,0
2019-06-07 11:00:00,1.1194,1.1196,1.1183,1.1189,0
2019-06-07 10:30:00,1.1192,1.1199,1.1185,1.1194,0
2019-06-07 10:00:00,1.1187,1.1197,1.1180,1.1192,0
2019-06-07 09:30:00,1.1173,1.1189,1.1166,1.1187,0
2019-06-07 09:00:00,1.1176,1.1184,1.1163,1.1173,0
2019-06-07 08:30:00,1.1190,1.1195,1.1167,1.1177,0
2019-06-07 08:00:00,1.1192,1.1193,1.1184,1.1190,0
2019-06-07 07:30:00,1.1196,1.1197,1.1185,1.1191,0
2019-06-07 07:00:00,1.1201,1.1202,1.1190,1.1196,0
2019-06-07 06:30:00,1.1198,1.1202,1.1192,1.1200,0
2019-06-07 06:00:00,1.1206,1.1207,1.1191,1.1197,0
2019-06-07 05:30:00,1.1198,1.1207,1.1192,1.1206,0
2019-06-07 05:00:00,1.1196,1.1199,1.1191,1.1198,0
2019-06-07 04:30:00,1.1190,1.1198,1.1185,1.1197,0
2019-06-07 04:00:00,1.1193,1.1195,1.1182,1.1190,0
2019-06-07 03:30:00,1.1195,1.1198,1.1184,1.1193,0
2019-06-07 03:00:00,1.1190,1.1197,1.1181,1.1195,0
2019-06-07 02:30:00,1.1176,1.1192,1.1169,1.1190,0
2019-06-07 02:00:00,1.1170,1.1176,1.1167,1.1176,0
2019-06-07 01:30:00,1.1175,1.1176,1.1166,1.1170,0
2019-06-07 01:00:00,1.1177,1.1177,1.1170,1.1175,0
2019-06-07 00:30:00,1.1174,1.1177,1.1168,1.1176,0
2019-06-07 00:00:00,1.1177,1.1177,1.1168,1.1174,0
2019-06-06 23:30:00,1.1176,1.1178,1.1170,1.1176,0
2019-06-06 23:00:00,1.1179,1.1181,1.1171,1.1176,0
2019-06-06 22:30:00,1.1177,1.1179,1.1170,1.1179,0
2019-06-06 22:00:00,1.1175,1.1179,1.1169,1.1177,0
2019-06-06 21:30:00,1.1176,1.1177,1.1169,1.1175,0
2019-06-06 21:00:00,1.1180,1.1181,1.1171,1.1176,0
2019-06-06 20:30:00,1.1175,1.1181,1.1169,1.1181,0
2019-06-06 20:00:00,1.1180,1.1182,1.1171,1.1175,0
2019-06-06 19:30:00,1.1181,1.1182,1.1174,1.1179,0
2019-06-06 19:00:00,1.1179,1.1183,1.1173,1.1182,0
2019-06-06 18:30:00,1.1180,1.1182,1.1174,1.1179,0
2019-06-06 18:00:00,1.1179,1.1181,1.1174,1.1180,0
2019-06-06 17:30:00,1.1176,1.1181,1.1171,1.1179,0
2019-06-06 17:00:00,1.1181,1.1182,1.1173,1.1176,0
2019-06-06 16:30:00,1.1183,1.1187,1.1175,1.1181,0
2019-06-06 16:00:00,1.1181,1.1185,1.1176,1.1183,0
2019-06-06 15:30:00,1.1178,1.1185,1.1173,1.1181,0
2019-06-06 15:00:00,1.1180,1.1180,1.1168,1.1178,0
2019-06-06 14:30:00,1.1173,1.1180,1.1166,1.1180,0
2019-06-06 14:00:00,1.1171,1.1174,1.1163,1.1173,0
2019-06-06 13:30:00,1.1168,1.1172,1.1161,1.1171,0
2019-06-06 13:00:00,1.1171,1.1172,1.1162,1.1168,0
2019-06-06 12:30:00,1.1164,1.1173,1.1163,1.1171,0
2019-06-06 12:00:00,1.1168,1.1169,1.1157,1.1166,0
2019-06-06 11:30:00,1.1161,1.1172,1.1157,1.1168,0
2019-06-06 11:00:00,1.1163,1.1168,1.1152,1.1160,0
2019-06-06 10:30:00,1.1169,1.1172,1.1154,1.1163,0
2019-06-06 10:00:00,1.1175,1.1177,1.1162,1.1169,0
2019-06-06 09:30:00,1.1178,1.1185,1.1170,1.1175,0
2019-06-06 09:00:00,1.1186,1.1198,1.1172,1.1178,0
2019-06-06 08:30:00,1.1174,1.1189,1.1165,1.1186,0
2019-06-06 08:00:00,1.1176,1.1185,1.1156,1.1174,0
2019-06-06 07:30:00,1.1179,1.1184,1.1172,1.1177,0
2019-06-06 07:00:00,1.1185,1.1185,1.1174,1.1179,0
2019-06-06 06:30:00,1.1178,1.1186,1.1173,1.1185,0
2019-06-06 06:00:00,1.1174,1.1179,1.1168,1.1178,0
2019-06-06 05:30:00,1.1175,1.1180,1.1170,1.1175,0
2019-06-06 05:00:00,1.1171,1.1179,1.1167,1.1175,0
2019-06-06 04:30:00,1.1171,1.1177,1.1165,1.1174,0
2019-06-06 04:00:00,1.1164,1.1176,1.1162,1.1171,0
2019-06-06 03:30:00,1.1163,1.1168,1.1158,1.1167,0
2019-06-06 03:00:00,1.1166,1.1170,1.1157,1.1163,0
2019-06-06 02:30:00,1.1159,1.1169,1.1151,1.1166,0
2019-06-06 02:00:00,1.1167,1.1168,1.1154,1.1159,0
2019-06-06 01:30:00,1.1167,1.1171,1.1161,1.1166,0
2019-06-06 01:00:00,1.1169,1.1169,1.1162,1.1167,0
2019-06-06 00:30:00,1.1169,1.1169,1.1162,1.1169,0
2019-06-06 00:00:00,1.1167,1.1171,1.1163,1.1169,0
2019-06-05 23:30:00,1.1166,1.1168,1.1159,1.1167,0
2019-06-05 23:00:00,1.1167,1.1168,1.1160,1.1167,0
2019-06-05 22:30:00,1.1164,1.1169,1.1160,1.1167,0
2019-06-05 22:00:00,1.1165,1.1166,1.1157,1.1166,0
2019-06-05 21:30:00,1.1165,1.1165,1.1158,1.1165,0
2019-06-05 21:00:00,1.1166,1.1168,1.1157,1.1164,0
2019-06-05 20:30:00,1.1166,1.1168,1.1160,1.1166,0
2019-06-05 20:00:00,1.1163,1.1167,1.1158,1.1165,0
2019-06-05 19:30:00,1.1161,1.1165,1.1155,1.1163,0
2019-06-05 19:00:00,1.1161,1.1164,1.1154,1.1161,0
2019-06-05 18:30:00,1.1161,1.1162,1.1154,1.1161,0
2019-06-05 18:00:00,1.1160,1.1164,1.1155,1.1159,0
2019-06-05 17:30:00,1.1161,1.1168,1.1155,1.1159,0
2019-06-05 17:00:00,1.1161,1.1165,1.1154,1.1160,0
2019-06-05 16:30:00,1.1161,1.1162,1.1156,1.1161,0
2019-06-05 16:00:00,1.1158,1.1163,1.1154,1.1161,0
2019-06-05 15:30:00,1.1158,1.1161,1.1151,1.1158,0
2019-06-05 15:00:00,1.1164,1.1167,1.1155,1.1160,0
2019-06-05 14:30:00,1.1170,1.1171,1.1160,1.1164,0
2019-06-05 14:00:00,1.1168,1.1170,1.1161,1.1170,0
2019-06-05 13:30:00,1.1166,1.1169,1.1159,1.1168,0
2019-06-05 13:00:00,1.1165,1.1170,1.1159,1.1166,0
2019-06-05 12:30:00,1.1158,1.1167,1.1153,1.1165,0
2019-06-05 12:00:00,1.1153,1.1161,1.1145,1.1158,0
2019-06-05 11:30:00,1.1151,1.1165,1.1144,1.1154,0
2019-06-05 11:00:00,1.1146,1.1153,1.1137,1.1150,0
2019-06-05 10:30:00,1.1154,1.1158,1.1141,1.1146,0
2019-06-05 10:00:00,1.1151,1.1160,1.1142,1.1156,0
2019-06-05 09:30:00,1.1149,1.1159,1.1142,1.1152,0
2019-06-05 09:00:00,1.1153,1.1155,1.1138,1.1149,0
2019-06-05 08:30:00,1.1160,1.1166,1.1134,1.1152,0
2019-06-05 08:00:00,1.1170,1.1170,1.1158,1.1160,0
2019-06-05 07:30:00,1.1175,1.1175,1.1164,1.1170,0
2019-06-05 07:00:00,1.1173,1.1176,1.1163,1.1175,0
2019-06-05 06:30:00,1.1184,1.1186,1.1169,1.1173,0
2019-06-05 06:00:00,1.1189,1.1190,1.1179,1.1184,0
2019-06-05 05:30:00,1.1192,1.1197,1.1183,1.1189,0
2019-06-05 05:00:00,1.1188,1.1194,1.1184,1.1191,0
2019-06-05 04:30:00,1.1182,1.1193,1.1176,1.1187,0
2019-06-05 04:00:00,1.1168,1.1189,1.1166,1.1182,0
2019-06-05 03:30:00,1.1165,1.1169,1.1153,1.1168,0
2019-06-05 03:00:00,1.1166,1.1171,1.1156,1.1165,0
2019-06-05 02:30:00,1.1164,1.1166,1.1155,1.1166,0
2019-06-05 02:00:00,1.1170,1.1171,1.1158,1.1162,0
2019-06-05 01:30:00,1.1172,1.1173,1.1165,1.1170,0
2019-06-05 01:00:00,1.1173,1.1174,1.1167,1.1170,0
2019-06-05 00:30:00,1.1173,1.1175,1.1168,1.1173,0
2019-06-05 00:00:00,1.1170,1.1174,1.1165,1.1173,0
2019-06-04 23:30:00,1.1167,1.1170,1.1162,1.1169,0
2019-06-04 23:00:00,1.1166,1.1168,1.1158,1.1166,0
2019-06-04 22:30:00,1.1162,1.1167,1.1158,1.1166,0
2019-06-04 22:00:00,1.1164,1.1165,1.1156,1.1162,0
2019-06-04 21:30:00,1.1170,1.1172,1.1159,1.1164,0
2019-06-04 21:00:00,1.1171,1.1172,1.1164,1.1171,0
2019-06-04 20:30:00,1.1169,1.1171,1.1165,1.1170,0
2019-06-04 20:00:00,1.1168,1.1170,1.1161,1.1169,0
2019-06-04 19:30:00,1.1168,1.1169,1.1162,1.1168,0
2019-06-04 19:00:00,1.1165,1.1169,1.1158,1.1168,0
2019-06-04 18:30:00,1.1165,1.1165,1.1158,1.1165,0
2019-06-04 18:00:00,1.1164,1.1166,1.1159,1.1165,0
2019-06-04 17:30:00,1.1166,1.1172,1.1156,1.1164,0
2019-06-04 17:00:00,1.1163,1.1167,1.1156,1.1166,0
2019-06-04 16:30:00,1.1159,1.1165,1.1156,1.1162,0
2019-06-04 16:00:00,1.1158,1.1162,1.1155,1.1159,0
2019-06-04 15:30:00,1.1158,1.1163,1.1153,1.1159,0
2019-06-04 15:00:00,1.1157,1.1158,1.1150,1.1157,0
2019-06-04 14:30:00,1.1163,1.1165,1.1151,1.1157,0
2019-06-04 14:00:00,1.1173,1.1173,1.1159,1.1163,0
2019-06-04 13:30:00,1.1178,1.1179,1.1168,1.1173,0
2019-06-04 13:00:00,1.1172,1.1179,1.1167,1.1178,0
2019-06-04 12:30:00,1.1169,1.1172,1.1165,1.1172,0
2019-06-04 12:00:00,1.1172,1.1174,1.1164,1.1169,0
2019-06-04 11:30:00,1.1166,1.1172,1.1161,1.1172,0
2019-06-04 11:00:00,1.1177,1.1180,1.1162,1.1166,0
2019-06-04 10:30:00,1.1172,1.1179,1.1165,1.1177,0
2019-06-04 10:00:00,1.1172,1.1178,1.1164,1.1172,0
2019-06-04 09:30:00,1.1173,1.1176,1.1165,1.1172,0
2019-06-04 09:00:00,1.1177,1.1179,1.1169,1.1174,0
2019-06-04 08:30:00,1.1178,1.1178,1.1170,1.1177,0
2019-06-04 08:00:00,1.1177,1.1182,1.1172,1.1178,0
2019-06-04 07:30:00,1.1174,1.1177,1.1166,1.1177,0
2019-06-04 07:00:00,1.1175,1.1179,1.1169,1.1174,0
2019-06-04 06:30:00,1.1177,1.1179,1.1167,1.1175,0
2019-06-04 06:00:00,1.1178,1.1181,1.1171,1.1177,0
2019-06-04 05:30:00,1.1181,1.1182,1.1171,1.1178,0
2019-06-04 05:00:00,1.1177,1.1186,1.1168,1.1182,0
2019-06-04 04:30:00,1.1176,1.1179,1.1168,1.1177,0
2019-06-04 04:00:00,1.1182,1.1191,1.1172,1.1176,0
2019-06-04 03:30:00,1.1172,1.1186,1.1166,1.1183,0
2019-06-04 03:00:00,1.1171,1.1176,1.1162,1.1172,0
2019-06-04 02:30:00,1.1172,1.1174,1.1159,1.1171,0
2019-06-04 02:00:00,1.1172,1.1175,1.1164,1.1171,0
2019-06-04 01:30:00,1.1172,1.1175,1.1167,1.1172,0
2019-06-04 01:00:00,1.1171,1.1174,1.1165,1.1172,0
2019-06-04 00:30:00,1.1175,1.1176,1.1167,1.1171,0
2019-06-04 00:00:00,1.1174,1.1177,1.1170,1.1175,0
2019-06-03 23:30:00,1.1172,1.1176,1.1168,1.1175,0
2019-06-03 23:00:00,1.1170,1.1173,1.1164,1.1172,0
2019-06-03 22:30:00,1.1162,1.1171,1.1157,1.1170,0
2019-06-03 22:00:00,1.1162,1.1165,1.1156,1.1162,0
2019-06-03 21:30:00,1.1164,1.1166,1.1157,1.1163,0
2019-06-03 21:00:00,1.1168,1.1168,1.1158,1.1164,0
2019-06-03 20:30:00,1.1165,1.1168,1.1160,1.1168,0
2019-06-03 20:00:00,1.1164,1.1167,1.1157,1.1165,0
2019-06-03 19:30:00,1.1159,1.1164,1.1154,1.1164,0
2019-06-03 19:00:00,1.1157,1.1159,1.1152,1.1159,0
2019-06-03 18:30:00,1.1159,1.1159,1.1152,1.1157,0
2019-06-03 18:00:00,1.1156,1.1160,1.1152,1.1159,0
2019-06-03 17:30:00,1.1157,1.1159,1.1152,1.1156,0
2019-06-03 17:00:00,1.1160,1.1161,1.1152,1.1156,0
2019-06-03 16:30:00,1.1161,1.1165,1.1154,1.1160,0
2019-06-03 16:00:00,1.1159,1.1165,1.1151,1.1160,0
2019-06-03 15:30:00,1.1163,1.1164,1.1153,1.1158,0
2019-06-03 15:00:00,1.1175,1.1176,1.1157,1.1163,0
2019-06-03 14:30:00,1.1172,1.1176,1.1167,1.1175,0
2019-06-03 14:00:00,1.1170,1.1174,1.1159,1.1172,0
2019-06-03 13:30:00,1.1180,1.1186,1.1164,1.1170,0
2019-06-03 13:00:00,1.1182,1.1183,1.1174,1.1180,0
2019-06-03 12:30:00,1.1195,1.1196,1.1177,1.1182,0
2019-06-03 12:00:00,1.1199,1.1205,1.1191,1.1195,0
2019-06-03 11:30:00,1.1190,1.1200,1.1183,1.1199,0
2019-06-03 11:00:00,1.1185,1.1195,1.1181,1.1190,0
2019-06-03 10:30:00,1.1178,1.1186,1.1172,1.1185,0
2019-06-03 10:00:00,1.1178,1.1183,1.1165,1.1178,0
2019-06-03 09:30:00,1.1175,1.1185,1.1170,1.1178,0
2019-06-03 09:00:00,1.1169,1.1177,1.1166,1.1175,0
2019-06-03 08:30:00,1.1162,1.1170,1.1158,1.1169,0
2019-06-03 08:00:00,1.1168,1.1171,1.1157,1.1162,0
2019-06-03 07:30:00,1.1163,1.1171,1.1158,1.1168,0
2019-06-03 07:00:00,1.1172,1.1174,1.1160,1.1164,0
2019-06-03 06:30:00,1.1171,1.1175,1.1163,1.1172,0
2019-06-03 06:00:00,1.1160,1.1171,1.1154,1.1171,0
2019-06-03 05:30:00,1.1144,1.1162,1.1138,1.1160,0
2019-06-03 05:00:00,1.1138,1.1148,1.1133,1.1144,0
2019-06-03 04:30:00,1.1129,1.1141,1.1126,1.1138,0
2019-06-03 04:00:00,1.1129,1.1136,1.1116,1.1129,0
2019-06-03 03:30:00,1.1142,1.1146,1.1124,1.1129,0
2019-06-03 03:00:00,1.1154,1.1164,1.1140,1.1141,0
2019-06-03 02:30:00,1.1158,1.1159,1.1149,1.1154,0
2019-06-03 02:00:00,1.1162,1.1164,1.1153,1.1158,0
2019-06-03 01:30:00,1.1155,1.1163,1.1149,1.1162,0
2019-06-03 01:00:00,1.1158,1.1158,1.1148,1.1154,0
2019-06-03 00:30:00,1.1157,1.1158,1.1152,1.1158,0
2019-06-03 00:00:00,1.1160,1.1164,1.1153,1.1157,0
2019-06-02 23:30:00,1.1160,1.1163,1.1152,1.1159,0
2019-06-02 23:00:00,1.1164,1.1165,1.1156,1.1160,0
2019-06-02 22:30:00,1.1170,1.1171,1.1159,1.1164,0
2019-06-02 22:00:00,1.1166,1.1174,1.1162,1.1170,0
2019-06-02 21:30:00,1.1169,1.1170,1.1161,1.1165,0
2019-06-02 21:00:00,1.1171,1.1172,1.1163,1.1169,0
2019-06-02 20:30:00,1.1173,1.1174,1.1165,1.1171,0
2019-06-02 20:00:00,1.1167,1.1174,1.1163,1.1172,0
2019-06-02 19:30:00,1.1170,1.1170,1.1163,1.1168,0
2019-06-02 19:00:00,1.1173,1.1171,1.1164,1.1170,0
2019-05-31 17:00:00,1.1179,1.1181,1.1168,1.1168,0
2019-05-31 16:30:00,1.1185,1.1186,1.1175,1.1179,0
2019-05-31 16:00:00,1.1185,1.1189,1.1179,1.1185,0
2019-05-31 15:30:00,1.1184,1.1187,1.1179,1.1185,0
2019-05-31 15:00:00,1.1177,1.1185,1.1173,1.1183,0
2019-05-31 14:30:00,1.1180,1.1183,1.1172,1.1177,0
2019-05-31 14:00:00,1.1174,1.1182,1.1167,1.1180,0
2019-05-31 13:30:00,1.1184,1.1185,1.1171,1.1174,0
2019-05-31 13:00:00,1.1182,1.1186,1.1176,1.1185,0
2019-05-31 12:30:00,1.1186,1.1188,1.1175,1.1182,0
2019-05-31 12:00:00,1.1193,1.1194,1.1179,1.1186,0
2019-05-31 11:30:00,1.1202,1.1204,1.1187,1.1193,0
2019-05-31 11:00:00,1.1213,1.1218,1.1195,1.1202,0
2019-05-31 10:30:00,1.1212,1.1218,1.1207,1.1213,0
2019-05-31 10:00:00,1.1217,1.1217,1.1204,1.1212,0
2019-05-31 09:30:00,1.1214,1.1220,1.1209,1.1217,0
2019-05-31 09:00:00,1.1220,1.1222,1.1209,1.1212,0
2019-05-31 08:30:00,1.1214,1.1222,1.1206,1.1220,0
2019-05-31 08:00:00,1.1215,1.1216,1.1206,1.1213,0
2019-05-31 07:30:00,1.1210,1.1218,1.1205,1.1215,0
2019-05-31 07:00:00,1.1199,1.1211,1.1191,1.1210,0
2019-05-31 06:30:00,1.1204,1.1207,1.1192,1.1198,0
2019-05-31 06:00:00,1.1195,1.1204,1.1190,1.1204,0
2019-05-31 05:30:00,1.1207,1.1207,1.1186,1.1195,0
2019-05-31 05:00:00,1.1213,1.1214,1.1195,1.1207,0
2019-05-31 04:30:00,1.1211,1.1215,1.1203,1.1213,0
2019-05-31 04:00:00,1.1201,1.1213,1.1195,1.1213,0
2019-05-31 03:30:00,1.1197,1.1203,1.1188,1.1200,0
2019-05-31 03:00:00,1.1201,1.1206,1.1193,1.1197,0
2019-05-31 02:30:00,1.1199,1.1207,1.1193,1.1201,0
2019-05-31 02:00:00,1.1198,1.1201,1.1188,1.1198,0
2019-05-31 01:30:00,1.1187,1.1199,1.1184,1.1198,0
2019-05-31 01:00:00,1.1189,1.1190,1.1182,1.1187,0
2019-05-31 00:30:00,1.1191,1.1192,1.1184,1.1189,0
2019-05-31 00:00:00,1.1192,1.1195,1.1186,1.1191,0
2019-05-30 23:30:00,1.1196,1.1196,1.1187,1.1192,0
2019-05-30 23:00:00,1.1198,1.1199,1.1191,1.1196,0
2019-05-30 22:30:00,1.1205,1.1206,1.1192,1.1198,0
2019-05-30 22:00:00,1.1206,1.1207,1.1200,1.1205,0
2019-05-30 21:30:00,1.1202,1.1206,1.1198,1.1206,0
2019-05-30 21:00:00,1.1205,1.1206,1.1193,1.1202,0
2019-05-30 20:30:00,1.1206,1.1212,1.1200,1.1205,0
2019-05-30 20:00:00,1.1212,1.1215,1.1201,1.1206,0
2019-05-30 19:30:00,1.1217,1.1218,1.1208,1.1212,0
2019-05-30 19:00:00,1.1217,1.1218,1.1213,1.1217,0
2019-05-30 18:30:00,1.1217,1.1218,1.1211,1.1217,0
2019-05-30 18:00:00,1.1217,1.1219,1.1212,1.1217,0
2019-05-30 17:30:00,1.1216,1.1220,1.1212,1.1216,0
2019-05-30 17:00:00,1.1217,1.1219,1.1208,1.1215,0
2019-05-30 16:30:00,1.1215,1.1221,1.1210,1.1217,0
2019-05-30 16:00:00,1.1219,1.1220,1.1210,1.1215,0
2019-05-30 15:30:00,1.1217,1.1220,1.1211,1.1218,0
2019-05-30 15:00:00,1.1215,1.1218,1.1210,1.1217,0
2019-05-30 14:30:00,1.1218,1.1218,1.1210,1.1215,0
2019-05-30 14:00:00,1.1218,1.1219,1.1213,1.1217,0
2019-05-30 13:30:00,1.1222,1.1223,1.1213,1.1218,0
2019-05-30 13:00:00,1.1222,1.1224,1.1216,1.1222,0
2019-05-30 12:30:00,1.1222,1.1223,1.1215,1.1222,0
2019-05-30 12:00:00,1.1221,1.1222,1.1215,1.1222,0
2019-05-30 11:30:00,1.1225,1.1227,1.1216,1.1221,0
2019-05-30 11:00:00,1.1220,1.1225,1.1211,1.1225,0
2019-05-30 10:30:00,1.1217,1.1220,1.1209,1.1220,0
2019-05-30 10:00:00,1.1218,1.1226,1.1212,1.1217,0
2019-05-30 09:30:00,1.1224,1.1224,1.1213,1.1218,0
2019-05-30 09:00:00,1.1228,1.1230,1.1212,1.1223,0
2019-05-30 08:30:00,1.1227,1.1231,1.1220,1.1228,0
2019-05-30 08:00:00,1.1233,1.1235,1.1224,1.1227,0
2019-05-30 07:30:00,1.1241,1.1242,1.1227,1.1233,0
2019-05-30 07:00:00,1.1240,1.1244,1.1234,1.1241,0
2019-05-30 06:30:00,1.1245,1.1248,1.1236,1.1240,0
2019-05-30 06:00:00,1.1246,1.1249,1.1239,1.1245,0
2019-05-30 05:30:00,1.1238,1.1246,1.1236,1.1245,0
2019-05-30 05:00:00,1.1237,1.1240,1.1230,1.1238,0
2019-05-30 04:30:00,1.1237,1.1242,1.1229,1.1237,0
2019-05-30 04:00:00,1.1232,1.1237,1.1227,1.1237,0
2019-05-30 03:30:00,1.1228,1.1234,1.1223,1.1232,0
2019-05-30 03:00:00,1.1224,1.1231,1.1219,1.1228,0
2019-05-30 02:30:00,1.1220,1.1224,1.1213,1.1223,0
2019-05-30 02:00:00,1.1218,1.1223,1.1214,1.1221,0
2019-05-30 01:30:00,1.1218,1.1219,1.1212,1.1218,0
2019-05-30 01:00:00,1.1220,1.1222,1.1213,1.1218,0
2019-05-30 00:30:00,1.1219,1.1222,1.1215,1.1220,0
2019-05-30 00:00:00,1.1220,1.1220,1.1214,1.1219,0
2019-05-29 23:30:00,1.1222,1.1222,1.1215,1.1220,0
2019-05-29 23:00:00,1.1223,1.1224,1.1217,1.1221,0
2019-05-29 22:30:00,1.1223,1.1225,1.1217,1.1223,0
2019-05-29 22:00:00,1.1227,1.1228,1.1219,1.1223,0
2019-05-29 21:30:00,1.1228,1.1229,1.1221,1.1227,0
2019-05-29 21:00:00,1.1231,1.1232,1.1221,1.1228,0
2019-05-29 20:30:00,1.1231,1.1234,1.1225,1.1231,0
2019-05-29 20:00:00,1.1228,1.1232,1.1224,1.1231,0
2019-05-29 19:30:00,1.1228,1.1229,1.1222,1.1228,0
2019-05-29 19:00:00,1.1225,1.1229,1.1221,1.1228,0
2019-05-29 18:30:00,1.1222,1.1225,1.1216,1.1225,0
2019-05-29 18:00:00,1.1221,1.1222,1.1215,1.1221,0
2019-05-29 17:30:00,1.1216,1.1222,1.1211,1.1220,0
2019-05-29 17:00:00,1.1224,1.1225,1.1211,1.1216,0
2019-05-29 16:30:00,1.1227,1.1229,1.1218,1.1224,0
2019-05-29 16:00:00,1.1225,1.1228,1.1217,1.1227,0
2019-05-29 15:30:00,1.1221,1.1229,1.1213,1.1225,0
2019-05-29 15:00:00,1.1219,1.1223,1.1213,1.1221,0
2019-05-29 14:30:00,1.1219,1.1220,1.1211,1.1219,0
2019-05-29 14:00:00,1.1221,1.1225,1.1213,1.1220,0
2019-05-29 13:30:00,1.1215,1.1222,1.1208,1.1221,0
2019-05-29 13:00:00,1.1214,1.1219,1.1206,1.1215,0
2019-05-29 12:30:00,1.1209,1.1215,1.1203,1.1213,0
2019-05-29 12:00:00,1.1214,1.1214,1.1203,1.1210,0
2019-05-29 11:30:00,1.1222,1.1223,1.1205,1.1212,0
2019-05-29 11:00:00,1.1232,1.1236,1.1219,1.1222,0
2019-05-29 10:30:00,1.1233,1.1235,1.1225,1.1232,0
2019-05-29 10:00:00,1.1227,1.1234,1.1219,1.1233,0
2019-05-29 09:30:00,1.1223,1.1230,1.1217,1.1227,0
2019-05-29 09:00:00,1.1225,1.1229,1.1215,1.1223,0
2019-05-29 08:30:00,1.1217,1.1227,1.1210,1.1225,0
2019-05-29 08:00:00,1.1221,1.1222,1.1206,1.1217,0
2019-05-29 07:30:00,1.1225,1.1226,1.1212,1.1221,0
2019-05-29 07:00:00,1.1225,1.1231,1.1217,1.1225,0
2019-05-29 06:30:00,1.1225,1.1226,1.1214,1.1224,0
2019-05-29 06:00:00,1.1220,1.1225,1.1211,1.1225,0
2019-05-29 05:30:00,1.1221,1.1221,1.1205,1.1220,0
2019-05-29 05:00:00,1.1222,1.1225,1.1212,1.1221,0
2019-05-29 04:30:00,1.1229,1.1229,1.1215,1.1222,0
2019-05-29 04:00:00,1.1223,1.1229,1.1215,1.1229,0
2019-05-29 03:30:00,1.1225,1.1230,1.1216,1.1224,0
2019-05-29 03:00:00,1.1235,1.1236,1.1218,1.1225,0
2019-05-29 02:30:00,1.1235,1.1238,1.1223,1.1234,0
2019-05-29 02:00:00,1.1240,1.1240,1.1227,1.1235,0
2019-05-29 01:30:00,1.1237,1.1242,1.1230,1.1240,0
2019-05-29 01:00:00,1.1236,1.1238,1.1227,1.1237,0
2019-05-29 00:30:00,1.1234,1.1236,1.1226,1.1236,0
2019-05-29 00:00:00,1.1235,1.1236,1.1227,1.1234,0
2019-05-28 23:30:00,1.1236,1.1236,1.1226,1.1235,0
2019-05-28 23:00:00,1.1235,1.1236,1.1226,1.1235,0
2019-05-28 22:30:00,1.1240,1.1241,1.1229,1.1235,0
2019-05-28 22:00:00,1.1245,1.1245,1.1232,1.1240,0
2019-05-28 21:30:00,1.1245,1.1248,1.1237,1.1245,0
2019-05-28 21:00:00,1.1248,1.1250,1.1237,1.1245,0
2019-05-28 20:30:00,1.1249,1.1250,1.1240,1.1248,0
2019-05-28 20:00:00,1.1248,1.1252,1.1241,1.1249,0
2019-05-28 19:30:00,1.1248,1.1249,1.1240,1.1248,0
2019-05-28 19:00:00,1.1247,1.1249,1.1240,1.1248,0
2019-05-28 18:30:00,1.1248,1.1248,1.1240,1.1247,0
2019-05-28 18:00:00,1.1247,1.1250,1.1240,1.1248,0
2019-05-28 17:30:00,1.1244,1.1249,1.1241,1.1247,0
2019-05-28 17:00:00,1.1246,1.1255,1.1238,1.1245,0
2019-05-28 16:30:00,1.1251,1.1251,1.1240,1.1246,0
2019-05-28 16:00:00,1.1249,1.1251,1.1242,1.1251,0
2019-05-28 15:30:00,1.1253,1.1253,1.1244,1.1249,0
2019-05-28 15:00:00,1.1257,1.1258,1.1247,1.1253,0
2019-05-28 14:30:00,1.1260,1.1262,1.1252,1.1257,0
2019-05-28 14:00:00,1.1263,1.1264,1.1254,1.1259,0
2019-05-28 13:30:00,1.1265,1.1265,1.1257,1.1263,0
2019-05-28 13:00:00,1.1272,1.1275,1.1259,1.1265,0
2019-05-28 12:30:00,1.1275,1.1279,1.1267,1.1272,0
2019-05-28 12:00:00,1.1275,1.1278,1.1267,1.1275,0
2019-05-28 11:30:00,1.1273,1.1276,1.1264,1.1275,0
2019-05-28 11:00:00,1.1268,1.1277,1.1256,1.1273,0
2019-05-28 10:30:00,1.1269,1.1273,1.1261,1.1269,0
2019-05-28 10:00:00,1.1262,1.1275,1.1254,1.1269,0
2019-05-28 09:30:00,1.1255,1.1264,1.1250,1.1262,0
2019-05-28 09:00:00,1.1251,1.1257,1.1247,1.1255,0
2019-05-28 08:30:00,1.1253,1.1256,1.1246,1.1251,0
2019-05-28 08:00:00,1.1247,1.1256,1.1242,1.1253,0
2019-05-28 07:30:00,1.1238,1.1247,1.1234,1.1247,0
2019-05-28 07:00:00,1.1233,1.1239,1.1227,1.1238,0
2019-05-28 06:30:00,1.1232,1.1236,1.1224,1.1233,0
2019-05-28 06:00:00,1.1237,1.1238,1.1227,1.1233,0
2019-05-28 05:30:00,1.1240,1.1245,1.1233,1.1237,0
2019-05-28 05:00:00,1.1231,1.1243,1.1228,1.1240,0
2019-05-28 04:30:00,1.1233,1.1237,1.1227,1.1232,0
2019-05-28 04:00:00,1.1235,1.1240,1.1224,1.1233,0
2019-05-28 03:30:00,1.1228,1.1239,1.1221,1.1234,0
2019-05-28 03:00:00,1.1234,1.1235,1.1221,1.1228,0
2019-05-28 02:30:00,1.1231,1.1235,1.1226,1.1234,0
2019-05-28 02:00:00,1.1235,1.1235,1.1224,1.1231,0
2019-05-28 01:30:00,1.1237,1.1238,1.1229,1.1233,0
2019-05-28 01:00:00,1.1235,1.1238,1.1229,1.1236,0
2019-05-28 00:30:00,1.1234,1.1236,1.1228,1.1234,0
2019-05-28 00:00:00,1.1234,1.1236,1.1229,1.1235,0
2019-05-27 23:30:00,1.1234,1.1234,1.1228,1.1233,0
2019-05-27 23:00:00,1.1233,1.1235,1.1228,1.1234,0
2019-05-27 22:30:00,1.1237,1.1239,1.1227,1.1233,0
2019-05-27 22:00:00,1.1233,1.1239,1.1227,1.1238,0
2019-05-27 21:30:00,1.1238,1.1239,1.1227,1.1233,0
2019-05-27 21:00:00,1.1240,1.1240,1.1232,1.1237,0
2019-05-27 20:30:00,1.1239,1.1240,1.1233,1.1240,0
2019-05-27 20:00:00,1.1239,1.1240,1.1233,1.1239,0
2019-05-27 19:30:00,1.1238,1.1240,1.1233,1.1239,0
2019-05-27 19:00:00,1.1237,1.1240,1.1231,1.1238,0
2019-05-27 18:30:00,1.1237,1.1239,1.1232,1.1237,0
2019-05-27 18:00:00,1.1234,1.1241,1.1228,1.1236,0
2019-05-27 17:30:00,1.1233,1.1237,1.1230,1.1233,0
2019-05-27 17:00:00,1.1235,1.1239,1.1227,1.1233,0
2019-05-27 16:30:00,1.1236,1.1237,1.1230,1.1235,0
2019-05-27 16:00:00,1.1234,1.1236,1.1229,1.1235,0
2019-05-27 15:30:00,1.1234,1.1236,1.1229,1.1234,0
2019-05-27 15:00:00,1.1234,1.1235,1.1229,1.1234,0
2019-05-27 14:30:00,1.1234,1.1235,1.1228,1.1234,0
2019-05-27 14:00:00,1.1235,1.1237,1.1230,1.1234,0
2019-05-27 13:30:00,1.1235,1.1237,1.1230,1.1236,0
2019-05-27 13:00:00,1.1236,1.1238,1.1229,1.1235,0
2019-05-27 12:30:00,1.1235,1.1238,1.1230,1.1236,0
2019-05-27 12:00:00,1.1240,1.1241,1.1231,1.1235,0
2019-05-27 11:30:00,1.1241,1.1243,1.1234,1.1240,0
2019-05-27 11:00:00,1.1241,1.1243,1.1234,1.1241,0
2019-05-27 10:30:00,1.1247,1.1247,1.1234,1.1241,0
2019-05-27 10:00:00,1.1246,1.1249,1.1241,1.1247,0
2019-05-27 09:30:00,1.1257,1.1258,1.1241,1.1246,0
2019-05-27 09:00:00,1.1254,1.1257,1.1249,1.1256,0
2019-05-27 08:30:00,1.1253,1.1258,1.1249,1.1254,0
2019-05-27 08:00:00,1.1252,1.1258,1.1246,1.1256,0
2019-05-27 07:30:00,1.1252,1.1254,1.1245,1.1252,0
2019-05-27 07:00:00,1.1250,1.1253,1.1244,1.1252,0
2019-05-27 06:30:00,1.1251,1.1252,1.1244,1.1249,0
2019-05-27 06:00:00,1.1257,1.1258,1.1245,1.1251,0
2019-05-27 05:30:00,1.1258,1.1260,1.1251,1.1257,0
2019-05-27 05:00:00,1.1257,1.1258,1.1250,1.1258,0
2019-05-27 04:30:00,1.1251,1.1264,1.1246,1.1257,0
2019-05-27 04:00:00,1.1246,1.1253,1.1242,1.1251,0
2019-05-27 03:30:00,1.1241,1.1248,1.1235,1.1246,0
2019-05-27 03:00:00,1.1247,1.1247,1.1233,1.1241,0
2019-05-27 02:30:00,1.1254,1.1254,1.1240,1.1247,0
2019-05-27 02:00:00,1.1242,1.1256,1.1238,1.1254,0
2019-05-27 01:30:00,1.1242,1.1244,1.1237,1.1242,0
2019-05-27 01:00:00,1.1242,1.1243,1.1234,1.1241,0
2019-05-27 00:30:00,1.1241,1.1243,1.1236,1.1242,0
2019-05-27 00:00:00,1.1242,1.1243,1.1236,1.1241,0
2019-05-26 23:30:00,1.1239,1.1242,1.1234,1.1242,0
2019-05-26 23:00:00,1.1238,1.1240,1.1234,1.1238,0
2019-05-26 22:30:00,1.1237,1.1239,1.1232,1.1238,0
2019-05-26 22:00:00,1.1230,1.1237,1.1225,1.1237,0
2019-05-26 21:30:00,1.1231,1.1233,1.1225,1.1230,0
2019-05-26 21:00:00,1.1230,1.1233,1.1225,1.1231,0
2019-05-26 20:30:00,1.1229,1.1231,1.1224,1.1230,0
2019-05-26 20:00:00,1.1230,1.1231,1.1223,1.1229,0
2019-05-26 19:30:00,1.1230,1.1232,1.1225,1.1230,0
2019-05-26 19:00:00,1.1220,1.1231,1.1220,1.1230,0
2019-05-24 17:30:00,1.1219,1.1220,1.1218,1.1220,0
2019-05-24 17:00:00,1.1223,1.1225,1.1218,1.1219,0
2019-05-24 16:30:00,1.1222,1.1225,1.1217,1.1223,0
2019-05-24 16:00:00,1.1226,1.1227,1.1217,1.1221,0
2019-05-24 15:30:00,1.1225,1.1227,1.1220,1.1226,0
2019-05-24 15:00:00,1.1222,1.1227,1.1216,1.1225,0
2019-05-24 14:30:00,1.1222,1.1224,1.1218,1.1222,0
2019-05-24 14:00:00,1.1223,1.1224,1.1215,1.1222,0
2019-05-24 13:30:00,1.1222,1.1225,1.1217,1.1223,0
2019-05-24 13:00:00,1.1223,1.1225,1.1217,1.1222,0
2019-05-24 12:30:00,1.1221,1.1223,1.1216,1.1223,0
2019-05-24 12:00:00,1.1223,1.1224,1.1214,1.1221,0
2019-05-24 11:30:00,1.1223,1.1226,1.1217,1.1223,0
2019-05-24 11:00:00,1.1226,1.1228,1.1215,1.1223,0
2019-05-24 10:30:00,1.1216,1.1226,1.1214,1.1226,0
2019-05-24 10:00:00,1.1224,1.1224,1.1214,1.1218,0
2019-05-24 09:30:00,1.1219,1.1227,1.1214,1.1224,0
2019-05-24 09:00:00,1.1225,1.1227,1.1215,1.1219,0
2019-05-24 08:30:00,1.1214,1.1226,1.1209,1.1225,0
2019-05-24 08:00:00,1.1223,1.1223,1.1209,1.1214,0
2019-05-24 07:30:00,1.1220,1.1227,1.1215,1.1223,0
2019-05-24 07:00:00,1.1219,1.1221,1.1211,1.1220,0
2019-05-24 06:30:00,1.1227,1.1227,1.1215,1.1219,0
2019-05-24 06:00:00,1.1220,1.1228,1.1215,1.1227,0
2019-05-24 05:30:00,1.1211,1.1222,1.1205,1.1220,0
2019-05-24 05:00:00,1.1216,1.1223,1.1205,1.1211,0
2019-05-24 04:30:00,1.1213,1.1219,1.1209,1.1215,0
2019-05-24 04:00:00,1.1202,1.1216,1.1194,1.1213,0
2019-05-24 03:30:00,1.1220,1.1222,1.1198,1.1200,0
2019-05-24 03:00:00,1.1225,1.1227,1.1213,1.1220,0
2019-05-24 02:30:00,1.1232,1.1234,1.1221,1.1225,0
2019-05-24 02:00:00,1.1226,1.1232,1.1219,1.1232,0
2019-05-24 01:30:00,1.1226,1.1229,1.1220,1.1226,0
2019-05-24 01:00:00,1.1226,1.1227,1.1220,1.1226,0
2019-05-24 00:30:00,1.1226,1.1227,1.1221,1.1226,0
2019-05-24 00:00:00,1.1225,1.1228,1.1221,1.1226,0
2019-05-23 23:30:00,1.1223,1.1225,1.1218,1.1225,0
2019-05-23 23:00:00,1.1223,1.1225,1.1218,1.1223,0
2019-05-23 22:30:00,1.1223,1.1225,1.1218,1.1223,0
2019-05-23 22:00:00,1.1224,1.1225,1.1218,1.1223,0
2019-05-23 21:30:00,1.1224,1.1225,1.1217,1.1224,0
2019-05-23 21:00:00,1.1222,1.1225,1.1217,1.1224,0
2019-05-23 20:30:00,1.1218,1.1223,1.1214,1.1222,0
2019-05-23 20:00:00,1.1218,1.1220,1.1213,1.1218,0
2019-05-23 19:30:00,1.1218,1.1220,1.1212,1.1218,0
2019-05-23 19:00:00,1.1218,1.1219,1.1212,1.1218,0
2019-05-23 18:30:00,1.1218,1.1219,1.1213,1.1218,0
2019-05-23 18:00:00,1.1218,1.1221,1.1212,1.1218,0
2019-05-23 17:30:00,1.1216,1.1221,1.1212,1.1218,0
2019-05-23 17:00:00,1.1219,1.1220,1.1206,1.1217,0
2019-05-23 16:30:00,1.1217,1.1220,1.1212,1.1219,0
2019-05-23 16:00:00,1.1214,1.1217,1.1209,1.1216,0
2019-05-23 15:30:00,1.1214,1.1217,1.1209,1.1214,0
2019-05-23 15:00:00,1.1211,1.1214,1.1205,1.1214,0
2019-05-23 14:30:00,1.1214,1.1215,1.1206,1.1211,0
2019-05-23 14:00:00,1.1217,1.1219,1.1208,1.1213,0
2019-05-23 13:30:00,1.1218,1.1220,1.1212,1.1218,0
2019-05-23 13:00:00,1.1221,1.1222,1.1212,1.1218,0
2019-05-23 12:30:00,1.1219,1.1222,1.1213,1.1221,0
2019-05-23 12:00:00,1.1218,1.1220,1.1209,1.1219,0
2019-05-23 11:30:00,1.1222,1.1224,1.1213,1.1218,0
2019-05-23 11:00:00,1.1221,1.1228,1.1215,1.1222,0
2019-05-23 10:30:00,1.1225,1.1226,1.1203,1.1221,0
2019-05-23 10:00:00,1.1215,1.1229,1.1208,1.1225,0
2019-05-23 09:30:00,1.1218,1.1219,1.1208,1.1215,0
2019-05-23 09:00:00,1.1221,1.1225,1.1212,1.1217,0
2019-05-23 08:30:00,1.1223,1.1225,1.1215,1.1221,0
2019-05-23 08:00:00,1.1228,1.1229,1.1217,1.1224,0
2019-05-23 07:30:00,1.1234,1.1234,1.1223,1.1228,0
2019-05-23 07:00:00,1.1231,1.1235,1.1225,1.1234,0
2019-05-23 06:30:00,1.1232,1.1236,1.1227,1.1231,0
2019-05-23 06:00:00,1.1237,1.1239,1.1228,1.1232,0
2019-05-23 05:30:00,1.1240,1.1240,1.1227,1.1237,0
2019-05-23 05:00:00,1.1240,1.1245,1.1234,1.1240,0
2019-05-23 04:30:00,1.1238,1.1242,1.1231,1.1240,0
2019-05-23 04:00:00,1.1242,1.1247,1.1234,1.1238,0
2019-05-23 03:30:00,1.1242,1.1248,1.1236,1.1242,0
2019-05-23 03:00:00,1.1243,1.1247,1.1235,1.1241,0
2019-05-23 02:30:00,1.1241,1.1246,1.1236,1.1243,0
2019-05-23 02:00:00,1.1243,1.1246,1.1236,1.1241,0
2019-05-23 01:30:00,1.1245,1.1246,1.1238,1.1243,0
2019-05-23 01:00:00,1.1245,1.1247,1.1240,1.1245,0
2019-05-23 00:30:00,1.1245,1.1246,1.1240,1.1245,0
2019-05-23 00:00:00,1.1245,1.1248,1.1240,1.1245,0
2019-05-22 23:30:00,1.1244,1.1245,1.1240,1.1245,0
2019-05-22 23:00:00,1.1243,1.1245,1.1239,1.1244,0
2019-05-22 22:30:00,1.1243,1.1244,1.1236,1.1243,0
2019-05-22 22:00:00,1.1250,1.1252,1.1238,1.1243,0
2019-05-22 21:30:00,1.1253,1.1254,1.1246,1.1250,0
2019-05-22 21:00:00,1.1257,1.1257,1.1248,1.1253,0
2019-05-22 20:30:00,1.1258,1.1259,1.1252,1.1255,0
2019-05-22 20:00:00,1.1257,1.1259,1.1251,1.1259,0
2019-05-22 19:30:00,1.1257,1.1258,1.1252,1.1257,0
2019-05-22 19:00:00,1.1258,1.1260,1.1251,1.1257,0
2019-05-22 18:30:00,1.1257,1.1260,1.1253,1.1258,0
2019-05-22 18:00:00,1.1257,1.1260,1.1252,1.1257,0
2019-05-22 17:30:00,1.1255,1.1261,1.1252,1.1258,0
2019-05-22 17:00:00,1.1261,1.1263,1.1252,1.1255,0
2019-05-22 16:30:00,1.1262,1.1262,1.1255,1.1261,0
2019-05-22 16:00:00,1.1257,1.1262,1.1252,1.1262,0
2019-05-22 15:30:00,1.1256,1.1258,1.1251,1.1257,0
2019-05-22 15:00:00,1.1256,1.1257,1.1250,1.1255,0
2019-05-22 14:30:00,1.1253,1.1257,1.1247,1.1256,0
2019-05-22 14:00:00,1.1256,1.1258,1.1249,1.1253,0
2019-05-22 13:30:00,1.1252,1.1257,1.1247,1.1256,0
2019-05-22 13:00:00,1.1253,1.1253,1.1246,1.1252,0
2019-05-22 12:30:00,1.1254,1.1255,1.1248,1.1253,0
2019-05-22 12:00:00,1.1257,1.1259,1.1249,1.1254,0
2019-05-22 11:30:00,1.1257,1.1257,1.1247,1.1257,0
2019-05-22 11:00:00,1.1257,1.1259,1.1248,1.1257,0
2019-05-22 10:30:00,1.1257,1.1258,1.1250,1.1257,0
2019-05-22 10:00:00,1.1254,1.1261,1.1248,1.1255,0
2019-05-22 09:30:00,1.1253,1.1259,1.1245,1.1254,0
2019-05-22 09:00:00,1.1252,1.1255,1.1242,1.1252,0
2019-05-22 08:30:00,1.1252,1.1256,1.1245,1.1252,0
2019-05-22 08:00:00,1.1255,1.1256,1.1245,1.1251,0
2019-05-22 07:30:00,1.1265,1.1269,1.1251,1.1255,0
2019-05-22 07:00:00,1.1283,1.1283,1.1261,1.1265,0
2019-05-22 06:30:00,1.1285,1.1288,1.1275,1.1283,0
2019-05-22 06:00:00,1.1283,1.1288,1.1277,1.1285,0
2019-05-22 05:30:00,1.1278,1.1287,1.1272,1.1283,0
2019-05-22 05:00:00,1.1277,1.1283,1.1272,1.1278,0
2019-05-22 04:30:00,1.1275,1.1283,1.1271,1.1277,0
2019-05-22 04:00:00,1.1277,1.1280,1.1268,1.1276,0
2019-05-22 03:30:00,1.1279,1.1281,1.1270,1.1277,0
2019-05-22 03:00:00,1.1284,1.1285,1.1272,1.1279,0
2019-05-22 02:30:00,1.1283,1.1286,1.1278,1.1284,0
2019-05-22 02:00:00,1.1283,1.1284,1.1278,1.1283,0
2019-05-22 01:30:00,1.1284,1.1285,1.1277,1.1283,0
2019-05-22 01:00:00,1.1287,1.1288,1.1279,1.1284,0
2019-05-22 00:30:00,1.1287,1.1288,1.1280,1.1287,0
2019-05-22 00:00:00,1.1290,1.1290,1.1283,1.1287,0
2019-05-21 23:30:00,1.1291,1.1291,1.1285,1.1290,0
2019-05-21 23:00:00,1.1288,1.1292,1.1284,1.1291,0
2019-05-21 22:30:00,1.1289,1.1290,1.1283,1.1288,0
2019-05-21 22:00:00,1.1286,1.1290,1.1281,1.1289,0
2019-05-21 21:30:00,1.1283,1.1286,1.1278,1.1286,0
2019-05-21 21:00:00,1.1283,1.1283,1.1277,1.1283,0
2019-05-21 20:30:00,1.1288,1.1289,1.1277,1.1283,0
2019-05-21 20:00:00,1.1288,1.1288,1.1281,1.1288,0
2019-05-21 19:30:00,1.1286,1.1288,1.1282,1.1288,0
2019-05-21 19:00:00,1.1286,1.1287,1.1281,1.1286,0
2019-05-21 18:30:00,1.1285,1.1287,1.1280,1.1286,0
2019-05-21 18:00:00,1.1284,1.1287,1.1279,1.1284,0
2019-05-21 17:30:00,1.1282,1.1287,1.1278,1.1283,0
2019-05-21 17:00:00,1.1288,1.1288,1.1277,1.1282,0
2019-05-21 16:30:00,1.1285,1.1288,1.1281,1.1286,0
2019-05-21 16:00:00,1.1286,1.1288,1.1280,1.1287,0
2019-05-21 15:30:00,1.1286,1.1289,1.1280,1.1286,0
2019-05-21 15:00:00,1.1283,1.1287,1.1278,1.1286,0
2019-05-21 14:30:00,1.1280,1.1284,1.1277,1.1283,0
2019-05-21 14:00:00,1.1281,1.1283,1.1275,1.1279,0
2019-05-21 13:30:00,1.1279,1.1283,1.1275,1.1282,0
2019-05-21 13:00:00,1.1279,1.1280,1.1273,1.1279,0
2019-05-21 12:30:00,1.1279,1.1280,1.1273,1.1279,0
2019-05-21 12:00:00,1.1276,1.1279,1.1270,1.1279,0
2019-05-21 11:30:00,1.1286,1.1290,1.1269,1.1276,0
2019-05-21 11:00:00,1.1277,1.1291,1.1271,1.1286,0
2019-05-21 10:30:00,1.1274,1.1277,1.1267,1.1277,0
2019-05-21 10:00:00,1.1274,1.1279,1.1268,1.1274,0
2019-05-21 09:30:00,1.1276,1.1278,1.1264,1.1274,0
2019-05-21 09:00:00,1.1279,1.1283,1.1272,1.1276,0
2019-05-21 08:30:00,1.1273,1.1280,1.1267,1.1279,0
2019-05-21 08:00:00,1.1265,1.1274,1.1258,1.1273,0
2019-05-21 07:30:00,1.1261,1.1268,1.1256,1.1265,0
2019-05-21 07:00:00,1.1261,1.1264,1.1255,1.1261,0
2019-05-21 06:30:00,1.1263,1.1263,1.1255,1.1262,0
2019-05-21 06:00:00,1.1260,1.1263,1.1255,1.1263,0
2019-05-21 05:30:00,1.1259,1.1264,1.1254,1.1260,0
2019-05-21 05:00:00,1.1257,1.1262,1.1252,1.1259,0
2019-05-21 04:30:00,1.1261,1.1265,1.1252,1.1257,0
2019-05-21 04:00:00,1.1265,1.1266,1.1255,1.1261,0
2019-05-21 03:30:00,1.1276,1.1276,1.1261,1.1265,0
2019-05-21 03:00:00,1.1277,1.1282,1.1270,1.1276,0
2019-05-21 02:30:00,1.1274,1.1279,1.1269,1.1277,0
2019-05-21 02:00:00,1.1272,1.1275,1.1266,1.1274,0
2019-05-21 01:30:00,1.1269,1.1272,1.1264,1.1272,0
2019-05-21 01:00:00,1.1270,1.1271,1.1264,1.1269,0
2019-05-21 00:30:00,1.1269,1.1270,1.1263,1.1270,0
2019-05-21 00:00:00,1.1271,1.1271,1.1264,1.1269,0
2019-05-20 23:30:00,1.1271,1.1272,1.1266,1.1271,0
2019-05-20 23:00:00,1.1269,1.1272,1.1264,1.1271,0
2019-05-20 22:30:00,1.1271,1.1271,1.1264,1.1269,0
2019-05-20 22:00:00,1.1270,1.1272,1.1264,1.1271,0
2019-05-20 21:30:00,1.1269,1.1271,1.1264,1.1270,0
2019-05-20 21:00:00,1.1272,1.1272,1.1264,1.1269,0
2019-05-20 20:30:00,1.1268,1.1273,1.1260,1.1272,0
2019-05-20 20:00:00,1.1263,1.1268,1.1258,1.1267,0
2019-05-20 19:30:00,1.1262,1.1265,1.1257,1.1263,0
2019-05-20 19:00:00,1.1261,1.1262,1.1256,1.1262,0
2019-05-20 18:30:00,1.1262,1.1262,1.1256,1.1261,0
2019-05-20 18:00:00,1.1260,1.1264,1.1257,1.1261,0
2019-05-20 17:30:00,1.1262,1.1267,1.1257,1.1260,0
2019-05-20 17:00:00,1.1262,1.1264,1.1256,1.1262,0
2019-05-20 16:30:00,1.1262,1.1262,1.1256,1.1262,0
2019-05-20 16:00:00,1.1260,1.1262,1.1256,1.1262,0
2019-05-20 15:30:00,1.1261,1.1262,1.1256,1.1261,0
2019-05-20 15:00:00,1.1262,1.1263,1.1256,1.1261,0
2019-05-20 14:30:00,1.1264,1.1264,1.1256,1.1262,0
2019-05-20 14:00:00,1.1263,1.1264,1.1257,1.1264,0
2019-05-20 13:30:00,1.1263,1.1264,1.1257,1.1263,0
2019-05-20 13:00:00,1.1261,1.1263,1.1256,1.1263,0
2019-05-20 12:30:00,1.1265,1.1266,1.1256,1.1261,0
2019-05-20 12:00:00,1.1265,1.1266,1.1257,1.1264,0
2019-05-20 11:30:00,1.1269,1.1269,1.1259,1.1264,0
2019-05-20 11:00:00,1.1263,1.1272,1.1255,1.1269,0
2019-05-20 10:30:00,1.1262,1.1266,1.1257,1.1263,0
2019-05-20 10:00:00,1.1263,1.1266,1.1256,1.1262,0
2019-05-20 09:30:00,1.1259,1.1264,1.1255,1.1263,0
2019-05-20 09:00:00,1.1263,1.1265,1.1256,1.1260,0
2019-05-20 08:30:00,1.1263,1.1264,1.1255,1.1263,0
2019-05-20 08:00:00,1.1264,1.1266,1.1255,1.1263,0
2019-05-20 07:30:00,1.1261,1.1265,1.1257,1.1264,0
2019-05-20 07:00:00,1.1265,1.1266,1.1257,1.1261,0
2019-05-20 06:30:00,1.1260,1.1265,1.1255,1.1265,0
2019-05-20 06:00:00,1.1264,1.1266,1.1256,1.1260,0
2019-05-20 05:30:00,1.1263,1.1267,1.1257,1.1264,0
2019-05-20 05:00:00,1.1271,1.1272,1.1253,1.1263,0
2019-05-20 04:30:00,1.1278,1.1283,1.1265,1.1271,0
2019-05-20 04:00:00,1.1276,1.1281,1.1269,1.1279,0
2019-05-20 03:30:00,1.1279,1.1280,1.1271,1.1276,0
2019-05-20 03:00:00,1.1284,1.1286,1.1275,1.1279,0
2019-05-20 02:30:00,1.1287,1.1287,1.1275,1.1284,0
2019-05-20 02:00:00,1.1284,1.1288,1.1278,1.1287,0
2019-05-20 01:30:00,1.1286,1.1286,1.1278,1.1284,0
2019-05-20 01:00:00,1.1286,1.1288,1.1281,1.1286,0
2019-05-20 00:30:00,1.1287,1.1288,1.1281,1.1286,0
2019-05-20 00:00:00,1.1285,1.1288,1.1279,1.1287,0
2019-05-19 23:30:00,1.1285,1.1286,1.1278,1.1285,0
2019-05-19 23:00:00,1.1287,1.1288,1.1279,1.1285,0
2019-05-19 22:30:00,1.1289,1.1289,1.1281,1.1287,0
2019-05-19 22:00:00,1.1289,1.1291,1.1283,1.1289,0
2019-05-19 21:30:00,1.1291,1.1292,1.1285,1.1290,0
2019-05-19 21:00:00,1.1287,1.1293,1.1282,1.1291,0
2019-05-19 20:30:00,1.1282,1.1289,1.1279,1.1287,0
2019-05-19 20:00:00,1.1283,1.1286,1.1278,1.1283,0
2019-05-19 19:30:00,1.1282,1.1284,1.1277,1.1283,0
2019-05-19 19:00:00,1.1270,1.1282,1.1270,1.1282,0
2019-05-17 17:00:00,1.1280,1.1282,1.1270,1.1270,0
2019-05-17 16:30:00,1.1280,1.1281,1.1274,1.1280,0
2019-05-17 16:00:00,1.1279,1.1281,1.1271,1.1280,0
2019-05-17 15:30:00,1.1280,1.1282,1.1273,1.1279,0
2019-05-17 15:00:00,1.1282,1.1283,1.1272,1.1279,0
2019-05-17 14:30:00,1.1283,1.1285,1.1276,1.1282,0
2019-05-17 14:00:00,1.1285,1.1286,1.1279,1.1284,0
2019-05-17 13:30:00,1.1286,1.1288,1.1279,1.1285,0
2019-05-17 13:00:00,1.1284,1.1286,1.1278,1.1286,0
2019-05-17 12:30:00,1.1287,1.1288,1.1275,1.1284,0
2019-05-17 12:00:00,1.1285,1.1289,1.1280,1.1287,0
2019-05-17 11:30:00,1.1284,1.1288,1.1279,1.1285,0
2019-05-17 11:00:00,1.1286,1.1294,1.1277,1.1284,0
2019-05-17 10:30:00,1.1288,1.1291,1.1281,1.1286,0
2019-05-17 10:00:00,1.1293,1.1299,1.1284,1.1288,0
2019-05-17 09:30:00,1.1286,1.1296,1.1281,1.1293,0
2019-05-17 09:00:00,1.1291,1.1294,1.1282,1.1286,0
2019-05-17 08:30:00,1.1283,1.1292,1.1278,1.1291,0
2019-05-17 08:00:00,1.1284,1.1286,1.1277,1.1283,0
2019-05-17 07:30:00,1.1284,1.1288,1.1278,1.1284,0
2019-05-17 07:00:00,1.1283,1.1288,1.1278,1.1284,0
2019-05-17 06:30:00,1.1283,1.1289,1.1277,1.1283,0
2019-05-17 06:00:00,1.1286,1.1288,1.1279,1.1283,0
2019-05-17 05:30:00,1.1282,1.1289,1.1273,1.1286,0
2019-05-17 05:00:00,1.1274,1.1283,1.1270,1.1282,0
2019-05-17 04:30:00,1.1275,1.1280,1.1269,1.1274,0
2019-05-17 04:00:00,1.1277,1.1281,1.1270,1.1275,0
2019-05-17 03:30:00,1.1284,1.1285,1.1273,1.1277,0
2019-05-17 03:00:00,1.1281,1.1288,1.1277,1.1284,0
2019-05-17 02:30:00,1.1275,1.1286,1.1270,1.1281,0
2019-05-17 02:00:00,1.1270,1.1276,1.1265,1.1275,0
2019-05-17 01:30:00,1.1279,1.1279,1.1265,1.1270,0
2019-05-17 01:00:00,1.1283,1.1283,1.1274,1.1279,0
2019-05-17 00:30:00,1.1281,1.1284,1.1276,1.1283,0
2019-05-17 00:00:00,1.1282,1.1283,1.1276,1.1281,0
2019-05-16 23:30:00,1.1286,1.1288,1.1273,1.1282,0
2019-05-16 23:00:00,1.1289,1.1290,1.1282,1.1286,0
2019-05-16 22:30:00,1.1289,1.1291,1.1284,1.1289,0
2019-05-16 22:00:00,1.1289,1.1291,1.1284,1.1290,0
2019-05-16 21:30:00,1.1289,1.1289,1.1284,1.1288,0
2019-05-16 21:00:00,1.1289,1.1291,1.1284,1.1289,0
2019-05-16 20:30:00,1.1285,1.1290,1.1281,1.1289,0
2019-05-16 20:00:00,1.1285,1.1287,1.1280,1.1286,0
2019-05-16 19:30:00,1.1285,1.1287,1.1280,1.1285,0
2019-05-16 19:00:00,1.1285,1.1286,1.1280,1.1285,0
2019-05-16 18:30:00,1.1284,1.1287,1.1279,1.1285,0
2019-05-16 18:00:00,1.1282,1.1287,1.1278,1.1284,0
2019-05-16 17:30:00,1.1279,1.1287,1.1277,1.1282,0
2019-05-16 17:00:00,1.1285,1.1288,1.1277,1.1279,0
2019-05-16 16:30:00,1.1287,1.1287,1.1280,1.1286,0
2019-05-16 16:00:00,1.1286,1.1289,1.1281,1.1287,0
2019-05-16 15:30:00,1.1283,1.1287,1.1277,1.1286,0
2019-05-16 15:00:00,1.1286,1.1288,1.1277,1.1282,0
2019-05-16 14:30:00,1.1283,1.1288,1.1278,1.1287,0
2019-05-16 14:00:00,1.1286,1.1286,1.1278,1.1283,0
2019-05-16 13:30:00,1.1285,1.1288,1.1280,1.1286,0
2019-05-16 13:00:00,1.1287,1.1289,1.1278,1.1285,0
2019-05-16 12:30:00,1.1289,1.1291,1.1282,1.1286,0
2019-05-16 12:00:00,1.1290,1.1293,1.1283,1.1289,0
2019-05-16 11:30:00,1.1290,1.1292,1.1283,1.1290,0
2019-05-16 11:00:00,1.1292,1.1294,1.1281,1.1290,0
2019-05-16 10:30:00,1.1290,1.1294,1.1286,1.1292,0
2019-05-16 10:00:00,1.1303,1.1303,1.1286,1.1287,0
2019-05-16 09:30:00,1.1300,1.1305,1.1294,1.1303,0
2019-05-16 09:00:00,1.1310,1.1312,1.1295,1.1300,0
2019-05-16 08:30:00,1.1306,1.1313,1.1299,1.1310,0
2019-05-16 08:00:00,1.1305,1.1307,1.1299,1.1306,0
2019-05-16 07:30:00,1.1309,1.1309,1.1298,1.1305,0
2019-05-16 07:00:00,1.1309,1.1310,1.1302,1.1309,0
2019-05-16 06:30:00,1.1311,1.1314,1.1302,1.1309,0
2019-05-16 06:00:00,1.1310,1.1313,1.1304,1.1311,0
2019-05-16 05:30:00,1.1312,1.1314,1.1302,1.1310,0
2019-05-16 05:00:00,1.1315,1.1316,1.1304,1.1312,0
2019-05-16 04:30:00,1.1302,1.1318,1.1299,1.1315,0
2019-05-16 04:00:00,1.1296,1.1307,1.1292,1.1302,0
2019-05-16 03:30:00,1.1293,1.1298,1.1288,1.1296,0
2019-05-16 03:00:00,1.1295,1.1301,1.1288,1.1293,0
2019-05-16 02:30:00,1.1300,1.1302,1.1290,1.1295,0
2019-05-16 02:00:00,1.1299,1.1300,1.1293,1.1300,0
2019-05-16 01:30:00,1.1302,1.1302,1.1294,1.1299,0
2019-05-16 01:00:00,1.1305,1.1305,1.1297,1.1302,0
2019-05-16 00:30:00,1.1304,1.1306,1.1299,1.1305,0
2019-05-16 00:00:00,1.1304,1.1305,1.1299,1.1304,0
2019-05-15 23:30:00,1.1303,1.1306,1.1299,1.1303,0
2019-05-15 23:00:00,1.1304,1.1304,1.1297,1.1303,0
2019-05-15 22:30:00,1.1300,1.1304,1.1295,1.1303,0
2019-05-15 22:00:00,1.1297,1.1300,1.1292,1.1300,0
2019-05-15 21:30:00,1.1294,1.1298,1.1289,1.1297,0
2019-05-15 21:00:00,1.1298,1.1299,1.1291,1.1294,0
2019-05-15 20:30:00,1.1297,1.1298,1.1293,1.1298,0
2019-05-15 20:00:00,1.1299,1.1301,1.1292,1.1297,0
2019-05-15 19:30:00,1.1299,1.1301,1.1293,1.1299,0
2019-05-15 19:00:00,1.1298,1.1302,1.1293,1.1299,0
2019-05-15 18:30:00,1.1300,1.1300,1.1295,1.1298,0
2019-05-15 18:00:00,1.1296,1.1301,1.1294,1.1299,0
2019-05-15 17:30:00,1.1298,1.1301,1.1292,1.1296,0
2019-05-15 17:00:00,1.1301,1.1302,1.1293,1.1298,0
2019-05-15 16:30:00,1.1300,1.1302,1.1294,1.1301,0
2019-05-15 16:00:00,1.1303,1.1304,1.1295,1.1299,0
2019-05-15 15:30:00,1.1307,1.1307,1.1298,1.1303,0
2019-05-15 15:00:00,1.1311,1.1312,1.1301,1.1307,0
2019-05-15 14:30:00,1.1311,1.1312,1.1305,1.1311,0
2019-05-15 14:00:00,1.1307,1.1312,1.1302,1.1311,0
2019-05-15 13:30:00,1.1308,1.1309,1.1301,1.1307,0
2019-05-15 13:00:00,1.1307,1.1311,1.1302,1.1308,0
2019-05-15 12:30:00,1.1308,1.1308,1.1299,1.1307,0
2019-05-15 12:00:00,1.1308,1.1313,1.1301,1.1308,0
2019-05-15 11:30:00,1.1302,1.1309,1.1293,1.1308,0
2019-05-15 11:00:00,1.1304,1.1306,1.1296,1.1302,0
2019-05-15 10:30:00,1.1307,1.1311,1.1298,1.1304,0
2019-05-15 10:00:00,1.1274,1.1312,1.1270,1.1309,0
2019-05-15 09:30:00,1.1273,1.1277,1.1268,1.1274,0
2019-05-15 09:00:00,1.1264,1.1275,1.1261,1.1273,0
2019-05-15 08:30:00,1.1276,1.1277,1.1261,1.1265,0
2019-05-15 08:00:00,1.1275,1.1277,1.1268,1.1276,0
2019-05-15 07:30:00,1.1278,1.1281,1.1269,1.1275,0
2019-05-15 07:00:00,1.1277,1.1280,1.1273,1.1278,0
2019-05-15 06:30:00,1.1280,1.1281,1.1270,1.1277,0
2019-05-15 06:00:00,1.1277,1.1284,1.1272,1.1280,0
2019-05-15 05:30:00,1.1280,1.1282,1.1271,1.1277,0
2019-05-15 05:00:00,1.1282,1.1286,1.1272,1.1280,0
2019-05-15 04:30:00,1.1283,1.1288,1.1278,1.1282,0
2019-05-15 04:00:00,1.1282,1.1286,1.1277,1.1283,0
2019-05-15 03:30:00,1.1292,1.1293,1.1275,1.1282,0
2019-05-15 03:00:00,1.1307,1.1309,1.1288,1.1292,0
2019-05-15 02:30:00,1.1310,1.1311,1.1299,1.1307,0
2019-05-15 02:00:00,1.1309,1.1310,1.1301,1.1310,0
2019-05-15 01:30:00,1.1307,1.1309,1.1301,1.1308,0
2019-05-15 01:00:00,1.1304,1.1308,1.1299,1.1307,0
2019-05-15 00:30:00,1.1304,1.1305,1.1299,1.1304,0
2019-05-15 00:00:00,1.1303,1.1306,1.1298,1.1304,0
2019-05-14 23:30:00,1.1302,1.1304,1.1298,1.1303,0
2019-05-14 23:00:00,1.1300,1.1303,1.1296,1.1302,0
2019-05-14 22:30:00,1.1298,1.1301,1.1293,1.1300,0
2019-05-14 22:00:00,1.1298,1.1302,1.1293,1.1298,0
2019-05-14 21:30:00,1.1294,1.1299,1.1289,1.1298,0
2019-05-14 21:00:00,1.1293,1.1294,1.1288,1.1294,0
2019-05-14 20:30:00,1.1299,1.1300,1.1288,1.1293,0
2019-05-14 20:00:00,1.1303,1.1303,1.1294,1.1299,0
2019-05-14 19:30:00,1.1303,1.1305,1.1298,1.1303,0
2019-05-14 19:00:00,1.1302,1.1304,1.1297,1.1303,0
2019-05-14 18:30:00,1.1300,1.1303,1.1296,1.1302,0
2019-05-14 18:00:00,1.1300,1.1303,1.1297,1.1300,0
2019-05-14 17:30:00,1.1300,1.1303,1.1296,1.1300,0
2019-05-14 17:00:00,1.1305,1.1306,1.1296,1.1300,0
2019-05-14 16:30:00,1.1307,1.1309,1.1299,1.1305,0
2019-05-14 16:00:00,1.1311,1.1312,1.1301,1.1307,0
2019-05-14 15:30:00,1.1315,1.1316,1.1308,1.1311,0
2019-05-14 15:00:00,1.1315,1.1316,1.1307,1.1315,0
2019-05-14 14:30:00,1.1315,1.1316,1.1310,1.1315,0
2019-05-14 14:00:00,1.1313,1.1316,1.1310,1.1315,0
2019-05-14 13:30:00,1.1316,1.1318,1.1309,1.1315,0
2019-05-14 13:00:00,1.1318,1.1319,1.1307,1.1316,0
2019-05-14 12:30:00,1.1310,1.1319,1.1303,1.1318,0
2019-05-14 12:00:00,1.1307,1.1311,1.1301,1.1310,0
2019-05-14 11:30:00,1.1309,1.1312,1.1299,1.1307,0
2019-05-14 11:00:00,1.1308,1.1310,1.1301,1.1310,0
2019-05-14 10:30:00,1.1307,1.1309,1.1301,1.1308,0
2019-05-14 10:00:00,1.1304,1.1308,1.1298,1.1307,0
2019-05-14 09:30:00,1.1299,1.1305,1.1292,1.1304,0
2019-05-14 09:00:00,1.1295,1.1305,1.1291,1.1298,0
2019-05-14 08:30:00,1.1307,1.1307,1.1285,1.1295,0
2019-05-14 08:00:00,1.1320,1.1322,1.1302,1.1307,0
2019-05-14 07:30:00,1.1319,1.1323,1.1314,1.1320,0
2019-05-14 07:00:00,1.1324,1.1325,1.1313,1.1322,0
2019-05-14 06:30:00,1.1325,1.1325,1.1315,1.1324,0
2019-05-14 06:00:00,1.1327,1.1328,1.1316,1.1325,0
2019-05-14 05:30:00,1.1326,1.1330,1.1319,1.1326,0
2019-05-14 05:00:00,1.1323,1.1328,1.1317,1.1327,0
2019-05-14 04:30:00,1.1319,1.1324,1.1314,1.1323,0
2019-05-14 04:00:00,1.1318,1.1324,1.1313,1.1319,0
2019-05-14 03:30:00,1.1318,1.1323,1.1313,1.1318,0
2019-05-14 03:00:00,1.1308,1.1318,1.1303,1.1318,0
2019-05-14 02:30:00,1.1312,1.1312,1.1300,1.1308,0
2019-05-14 02:00:00,1.1313,1.1315,1.1307,1.1311,0
2019-05-14 01:30:00,1.1316,1.1317,1.1308,1.1313,0
2019-05-14 01:00:00,1.1311,1.1316,1.1307,1.1315,0
2019-05-14 00:30:00,1.1315,1.1315,1.1305,1.1311,0
2019-05-14 00:00:00,1.1316,1.1316,1.1310,1.1315,0
2019-05-13 23:30:00,1.1310,1.1316,1.1306,1.1315,0
2019-05-13 23:00:00,1.1307,1.1311,1.1302,1.1310,0
2019-05-13 22:30:00,1.1304,1.1312,1.1300,1.1306,0
2019-05-13 22:00:00,1.1304,1.1305,1.1297,1.1303,0
2019-05-13 21:30:00,1.1304,1.1307,1.1299,1.1304,0
2019-05-13 21:00:00,1.1301,1.1306,1.1296,1.1304,0
2019-05-13 20:30:00,1.1299,1.1301,1.1294,1.1301,0
2019-05-13 20:00:00,1.1291,1.1300,1.1286,1.1299,0
2019-05-13 19:30:00,1.1292,1.1292,1.1286,1.1291,0
2019-05-13 19:00:00,1.1289,1.1292,1.1284,1.1292,0
2019-05-13 18:30:00,1.1291,1.1291,1.1284,1.1289,0
2019-05-13 18:00:00,1.1292,1.1295,1.1285,1.1290,0
2019-05-13 17:30:00,1.1291,1.1295,1.1287,1.1291,0
2019-05-13 17:00:00,1.1301,1.1301,1.1286,1.1291,0
2019-05-13 16:30:00,1.1304,1.1304,1.1296,1.1301,0
2019-05-13 16:00:00,1.1303,1.1306,1.1297,1.1304,0
2019-05-13 15:30:00,1.1306,1.1308,1.1297,1.1303,0
2019-05-13 15:00:00,1.1302,1.1307,1.1297,1.1306,0
2019-05-13 14:30:00,1.1299,1.1306,1.1295,1.1302,0
2019-05-13 14:00:00,1.1299,1.1302,1.1293,1.1300,0
2019-05-13 13:30:00,1.1300,1.1302,1.1290,1.1299,0
2019-05-13 13:00:00,1.1305,1.1306,1.1293,1.1300,0
2019-05-13 12:30:00,1.1306,1.1306,1.1295,1.1305,0
2019-05-13 12:00:00,1.1303,1.1307,1.1295,1.1306,0
2019-05-13 11:30:00,1.1313,1.1313,1.1297,1.1302,0
2019-05-13 11:00:00,1.1313,1.1316,1.1305,1.1313,0
2019-05-13 10:30:00,1.1317,1.1318,1.1306,1.1313,0
2019-05-13 10:00:00,1.1323,1.1325,1.1311,1.1317,0
2019-05-13 09:30:00,1.1329,1.1329,1.1314,1.1323,0
2019-05-13 09:00:00,1.1329,1.1335,1.1320,1.1329,0
2019-05-13 08:30:00,1.1317,1.1329,1.1307,1.1329,0
2019-05-13 08:00:00,1.1323,1.1323,1.1312,1.1318,0
2019-05-13 07:30:00,1.1325,1.1327,1.1316,1.1323,0
2019-05-13 07:00:00,1.1327,1.1329,1.1318,1.1325,0
2019-05-13 06:30:00,1.1333,1.1333,1.1322,1.1327,0
2019-05-13 06:00:00,1.1336,1.1339,1.1327,1.1333,0
2019-05-13 05:30:00,1.1338,1.1339,1.1328,1.1336,0
2019-05-13 05:00:00,1.1342,1.1344,1.1334,1.1338,0
2019-05-13 04:30:00,1.1336,1.1344,1.1329,1.1342,0
2019-05-13 04:00:00,1.1344,1.1346,1.1329,1.1336,0
2019-05-13 03:30:00,1.1341,1.1346,1.1336,1.1344,0
2019-05-13 03:00:00,1.1352,1.1352,1.1336,1.1341,0
2019-05-13 02:30:00,1.1352,1.1355,1.1347,1.1351,0
2019-05-13 02:00:00,1.1354,1.1358,1.1348,1.1352,0
2019-05-13 01:30:00,1.1354,1.1355,1.1349,1.1353,0
2019-05-13 01:00:00,1.1354,1.1357,1.1349,1.1354,0
2019-05-13 00:30:00,1.1352,1.1355,1.1347,1.1353,0
2019-05-13 00:00:00,1.1353,1.1353,1.1347,1.1352,0
2019-05-12 23:30:00,1.1356,1.1356,1.1349,1.1353,0
2019-05-12 23:00:00,1.1354,1.1356,1.1350,1.1356,0
2019-05-12 22:30:00,1.1356,1.1356,1.1348,1.1354,0
2019-05-12 22:00:00,1.1354,1.1357,1.1349,1.1356,0
2019-05-12 21:30:00,1.1355,1.1356,1.1349,1.1354,0
2019-05-12 21:00:00,1.1356,1.1357,1.1350,1.1354,0
2019-05-12 20:30:00,1.1357,1.1358,1.1351,1.1356,0
2019-05-12 20:00:00,1.1356,1.1358,1.1348,1.1357,0
2019-05-12 19:30:00,1.1359,1.1360,1.1350,1.1356,0
2019-05-12 19:00:00,1.1366,1.1360,1.1353,1.1359,0
2019-05-10 17:30:00,1.1366,1.1366,1.1366,1.1366,0
2019-05-10 17:00:00,1.1360,1.1367,1.1355,1.1366,0
2019-05-10 16:30:00,1.1364,1.1366,1.1356,1.1360,0
2019-05-10 16:00:00,1.1363,1.1366,1.1358,1.1364,0
2019-05-10 15:30:00,1.1371,1.1375,1.1357,1.1363,0
2019-05-10 15:00:00,1.1373,1.1376,1.1367,1.1371,0
2019-05-10 14:30:00,1.1373,1.1374,1.1364,1.1373,0
2019-05-10 14:00:00,1.1370,1.1376,1.1366,1.1374,0
2019-05-10 13:30:00,1.1366,1.1375,1.1362,1.1370,0
2019-05-10 13:00:00,1.1366,1.1369,1.1360,1.1366,0
2019-05-10 12:30:00,1.1366,1.1369,1.1361,1.1366,0
2019-05-10 12:00:00,1.1370,1.1370,1.1359,1.1366,0
2019-05-10 11:30:00,1.1366,1.1372,1.1362,1.1370,0
2019-05-10 11:00:00,1.1372,1.1372,1.1360,1.1366,0
2019-05-10 10:30:00,1.1368,1.1372,1.1363,1.1371,0
2019-05-10 10:00:00,1.1380,1.1381,1.1358,1.1369,0
2019-05-10 09:30:00,1.1375,1.1382,1.1370,1.1380,0
2019-05-10 09:00:00,1.1362,1.1377,1.1360,1.1375,0
2019-05-10 08:30:00,1.1377,1.1378,1.1357,1.1362,0
2019-05-10 08:00:00,1.1385,1.1388,1.1371,1.1377,0
2019-05-10 07:30:00,1.1385,1.1387,1.1375,1.1385,0
2019-05-10 07:00:00,1.1388,1.1391,1.1377,1.1386,0
2019-05-10 06:30:00,1.1390,1.1391,1.1381,1.1387,0
2019-05-10 06:00:00,1.1394,1.1396,1.1386,1.1390,0
2019-05-10 05:30:00,1.1384,1.1396,1.1376,1.1393,0
2019-05-10 05:00:00,1.1388,1.1389,1.1377,1.1384,0
2019-05-10 04:30:00,1.1387,1.1390,1.1379,1.1388,0
2019-05-10 04:00:00,1.1390,1.1392,1.1381,1.1386,0
2019-05-10 03:30:00,1.1394,1.1394,1.1382,1.1390,0
2019-05-10 03:00:00,1.1389,1.1399,1.1381,1.1394,0
2019-05-10 02:30:00,1.1386,1.1394,1.1381,1.1389,0
2019-05-10 02:00:00,1.1385,1.1389,1.1381,1.1387,0
2019-05-10 01:30:00,1.1388,1.1388,1.1379,1.1385,0
2019-05-10 01:00:00,1.1387,1.1389,1.1381,1.1388,0
2019-05-10 00:30:00,1.1393,1.1394,1.1382,1.1387,0
2019-05-10 00:00:00,1.1397,1.1398,1.1388,1.1393,0
2019-05-09 23:30:00,1.1398,1.1398,1.1387,1.1397,0
2019-05-09 23:00:00,1.1405,1.1405,1.1393,1.1398,0
2019-05-09 22:30:00,1.1406,1.1406,1.1397,1.1405,0
2019-05-09 22:00:00,1.1407,1.1409,1.1401,1.1406,0
2019-05-09 21:30:00,1.1405,1.1408,1.1399,1.1407,0
2019-05-09 21:00:00,1.1399,1.1406,1.1393,1.1405,0
2019-05-09 20:30:00,1.1401,1.1402,1.1393,1.1399,0
2019-05-09 20:00:00,1.1392,1.1401,1.1386,1.1401,0
2019-05-09 19:30:00,1.1390,1.1392,1.1385,1.1392,0
2019-05-09 19:00:00,1.1387,1.1390,1.1383,1.1390,0
2019-05-09 18:30:00,1.1385,1.1388,1.1380,1.1387,0
2019-05-09 18:00:00,1.1380,1.1388,1.1377,1.1385,0
2019-05-09 17:30:00,1.1374,1.1383,1.1374,1.1379,0
2019-05-09 17:00:00,1.1384,1.1390,1.1373,1.1374,0
2019-05-09 16:30:00,1.1387,1.1388,1.1379,1.1384,0
2019-05-09 16:00:00,1.1386,1.1389,1.1379,1.1386,0
2019-05-09 15:30:00,1.1385,1.1387,1.1379,1.1386,0
2019-05-09 15:00:00,1.1391,1.1393,1.1381,1.1385,0
2019-05-09 14:30:00,1.1392,1.1394,1.1387,1.1392,0
2019-05-09 14:00:00,1.1389,1.1393,1.1383,1.1392,0
2019-05-09 13:30:00,1.1383,1.1389,1.1376,1.1389,0
2019-05-09 13:00:00,1.1380,1.1384,1.1374,1.1383,0
2019-05-09 12:30:00,1.1376,1.1387,1.1374,1.1380,0
2019-05-09 12:00:00,1.1378,1.1380,1.1370,1.1376,0
2019-05-09 11:30:00,1.1381,1.1383,1.1370,1.1378,0
2019-05-09 11:00:00,1.1387,1.1391,1.1373,1.1381,0
2019-05-09 10:30:00,1.1394,1.1394,1.1379,1.1387,0
2019-05-09 10:00:00,1.1379,1.1397,1.1375,1.1392,0
2019-05-09 09:30:00,1.1375,1.1381,1.1368,1.1380,0
2019-05-09 09:00:00,1.1388,1.1388,1.1370,1.1375,0
2019-05-09 08:30:00,1.1390,1.1392,1.1384,1.1388,0
2019-05-09 08:00:00,1.1395,1.1399,1.1386,1.1390,0
2019-05-09 07:30:00,1.1402,1.1402,1.1391,1.1395,0
2019-05-09 07:00:00,1.1404,1.1406,1.1397,1.1401,0
2019-05-09 06:30:00,1.1398,1.1405,1.1390,1.1405,0
2019-05-09 06:00:00,1.1394,1.1403,1.1389,1.1398,0
2019-05-09 05:30:00,1.1390,1.1402,1.1385,1.1395,0
2019-05-09 05:00:00,1.1389,1.1393,1.1381,1.1390,0
2019-05-09 04:30:00,1.1374,1.1390,1.1370,1.1388,0
2019-05-09 04:00:00,1.1395,1.1397,1.1371,1.1374,0
2019-05-09 03:30:00,1.1408,1.1409,1.1390,1.1395,0
2019-05-09 03:00:00,1.1417,1.1419,1.1404,1.1407,0
2019-05-09 02:30:00,1.1418,1.1419,1.1410,1.1417,0
2019-05-09 02:00:00,1.1425,1.1426,1.1414,1.1418,0
2019-05-09 01:30:00,1.1427,1.1428,1.1419,1.1425,0
2019-05-09 01:00:00,1.1422,1.1427,1.1418,1.1427,0
2019-05-09 00:30:00,1.1422,1.1424,1.1417,1.1422,0
2019-05-09 00:00:00,1.1423,1.1424,1.1417,1.1421,0
2019-05-08 23:30:00,1.1422,1.1424,1.1415,1.1423,0
2019-05-08 23:00:00,1.1421,1.1424,1.1416,1.1422,0
2019-05-08 22:30:00,1.1422,1.1423,1.1416,1.1421,0
2019-05-08 22:00:00,1.1423,1.1425,1.1417,1.1422,0
2019-05-08 21:30:00,1.1425,1.1426,1.1417,1.1423,0
2019-05-08 21:00:00,1.1419,1.1425,1.1414,1.1425,0
2019-05-08 20:30:00,1.1425,1.1426,1.1414,1.1419,0
2019-05-08 20:00:00,1.1425,1.1427,1.1420,1.1425,0
2019-05-08 19:30:00,1.1425,1.1428,1.1420,1.1425,0
2019-05-08 19:00:00,1.1424,1.1426,1.1418,1.1425,0
2019-05-08 18:30:00,1.1423,1.1425,1.1418,1.1425,0
2019-05-08 18:00:00,1.1421,1.1425,1.1417,1.1423,0
2019-05-08 17:30:00,1.1422,1.1424,1.1410,1.1420,0
2019-05-08 17:00:00,1.1423,1.1424,1.1408,1.1422,0
2019-05-08 16:30:00,1.1417,1.1424,1.1413,1.1423,0
2019-05-08 16:00:00,1.1420,1.1421,1.1411,1.1417,0
2019-05-08 15:30:00,1.1417,1.1421,1.1413,1.1420,0
2019-05-08 15:00:00,1.1413,1.1420,1.1409,1.1418,0
2019-05-08 14:30:00,1.1413,1.1414,1.1407,1.1413,0
2019-05-08 14:00:00,1.1410,1.1414,1.1404,1.1413,0
2019-05-08 13:30:00,1.1411,1.1412,1.1404,1.1410,0
2019-05-08 13:00:00,1.1403,1.1413,1.1397,1.1410,0
2019-05-08 12:30:00,1.1407,1.1408,1.1396,1.1403,0
2019-05-08 12:00:00,1.1409,1.1413,1.1403,1.1407,0
2019-05-08 11:30:00,1.1409,1.1413,1.1402,1.1409,0
2019-05-08 11:00:00,1.1407,1.1410,1.1394,1.1409,0
2019-05-08 10:30:00,1.1409,1.1409,1.1398,1.1407,0
2019-05-08 10:00:00,1.1413,1.1414,1.1404,1.1409,0
2019-05-08 09:30:00,1.1406,1.1415,1.1402,1.1413,0
2019-05-08 09:00:00,1.1401,1.1412,1.1398,1.1406,0
2019-05-08 08:30:00,1.1406,1.1418,1.1396,1.1402,0
2019-05-08 08:00:00,1.1396,1.1407,1.1392,1.1406,0
2019-05-08 07:30:00,1.1396,1.1399,1.1389,1.1396,0
2019-05-08 07:00:00,1.1392,1.1400,1.1387,1.1398,0
2019-05-08 06:30:00,1.1384,1.1394,1.1379,1.1392,0
2019-05-08 06:00:00,1.1398,1.1399,1.1380,1.1384,0
2019-05-08 05:30:00,1.1394,1.1398,1.1388,1.1398,0
2019-05-08 05:00:00,1.1406,1.1406,1.1388,1.1394,0
2019-05-08 04:30:00,1.1405,1.1408,1.1397,1.1406,0
2019-05-08 04:00:00,1.1413,1.1414,1.1398,1.1405,0
2019-05-08 03:30:00,1.1415,1.1417,1.1406,1.1413,0
2019-05-08 03:00:00,1.1421,1.1424,1.1411,1.1414,0
2019-05-08 02:30:00,1.1422,1.1423,1.1414,1.1420,0
2019-05-08 02:00:00,1.1418,1.1430,1.1413,1.1420,0
2019-05-08 01:30:00,1.1414,1.1418,1.1409,1.1418,0
2019-05-08 01:00:00,1.1414,1.1415,1.1409,1.1414,0
2019-05-08 00:30:00,1.1413,1.1415,1.1408,1.1414,0
2019-05-08 00:00:00,1.1413,1.1415,1.1408,1.1413,0
2019-05-07 23:30:00,1.1415,1.1417,1.1408,1.1412,0
2019-05-07 23:00:00,1.1415,1.1416,1.1408,1.1414,0
2019-05-07 22:30:00,1.1414,1.1415,1.1409,1.1415,0
2019-05-07 22:00:00,1.1414,1.1415,1.1407,1.1414,0
2019-05-07 21:30:00,1.1409,1.1414,1.1405,1.1414,0
2019-05-07 21:00:00,1.1410,1.1410,1.1403,1.1409,0
2019-05-07 20:30:00,1.1410,1.1411,1.1405,1.1410,0
2019-05-07 20:00:00,1.1411,1.1411,1.1405,1.1410,0
2019-05-07 19:30:00,1.1412,1.1412,1.1406,1.1411,0
2019-05-07 19:00:00,1.1409,1.1412,1.1405,1.1412,0
2019-05-07 18:30:00,1.1410,1.1412,1.1405,1.1410,0
2019-05-07 18:00:00,1.1409,1.1413,1.1401,1.1411,0
2019-05-07 17:30:00,1.1401,1.1410,1.1398,1.1409,0
2019-05-07 17:00:00,1.1407,1.1414,1.1395,1.1401,0
2019-05-07 16:30:00,1.1407,1.1411,1.1402,1.1407,0
2019-05-07 16:00:00,1.1400,1.1407,1.1395,1.1406,0
2019-05-07 15:30:00,1.1402,1.1403,1.1395,1.1400,0
2019-05-07 15:00:00,1.1398,1.1403,1.1393,1.1402,0
2019-05-07 14:30:00,1.1400,1.1401,1.1391,1.1398,0
2019-05-07 14:00:00,1.1402,1.1404,1.1393,1.1400,0
2019-05-07 13:30:00,1.1408,1.1409,1.1397,1.1402,0
2019-05-07 13:00:00,1.1409,1.1412,1.1402,1.1408,0
2019-05-07 12:30:00,1.1413,1.1414,1.1406,1.1410,0
2019-05-07 12:00:00,1.1425,1.1425,1.1408,1.1413,0
2019-05-07 11:30:00,1.1433,1.1435,1.1421,1.1425,0
2019-05-07 11:00:00,1.1435,1.1440,1.1426,1.1433,0
2019-05-07 10:30:00,1.1422,1.1437,1.1418,1.1435,0
2019-05-07 10:00:00,1.1421,1.1423,1.1412,1.1422,0
2019-05-07 09:30:00,1.1415,1.1421,1.1409,1.1421,0
2019-05-07 09:00:00,1.1416,1.1417,1.1407,1.1415,0
2019-05-07 08:30:00,1.1414,1.1418,1.1408,1.1417,0
2019-05-07 08:00:00,1.1417,1.1417,1.1405,1.1414,0
2019-05-07 07:30:00,1.1415,1.1419,1.1410,1.1417,0
2019-05-07 07:00:00,1.1415,1.1416,1.1409,1.1415,0
2019-05-07 06:30:00,1.1410,1.1418,1.1405,1.1415,0
2019-05-07 06:00:00,1.1407,1.1411,1.1402,1.1410,0
2019-05-07 05:30:00,1.1403,1.1408,1.1399,1.1406,0
2019-05-07 05:00:00,1.1403,1.1405,1.1398,1.1403,0
2019-05-07 04:30:00,1.1405,1.1407,1.1400,1.1405,0
2019-05-07 04:00:00,1.1407,1.1408,1.1398,1.1405,0
2019-05-07 03:30:00,1.1403,1.1409,1.1400,1.1407,0
2019-05-07 03:00:00,1.1396,1.1407,1.1392,1.1403,0
2019-05-07 02:30:00,1.1394,1.1403,1.1388,1.1396,0
2019-05-07 02:00:00,1.1396,1.1403,1.1390,1.1394,0
2019-05-07 01:30:00,1.1396,1.1398,1.1390,1.1396,0
2019-05-07 01:00:00,1.1395,1.1397,1.1388,1.1395,0
2019-05-07 00:30:00,1.1394,1.1397,1.1388,1.1394,0
2019-05-07 00:00:00,1.1395,1.1396,1.1389,1.1394,0
2019-05-06 23:30:00,1.1396,1.1396,1.1388,1.1395,0
2019-05-06 23:00:00,1.1394,1.1397,1.1389,1.1396,0
2019-05-06 22:30:00,1.1393,1.1395,1.1388,1.1394,0
2019-05-06 22:00:00,1.1393,1.1394,1.1386,1.1393,0
2019-05-06 21:30:00,1.1392,1.1394,1.1387,1.1393,0
2019-05-06 21:00:00,1.1393,1.1395,1.1387,1.1392,0
2019-05-06 20:30:00,1.1395,1.1395,1.1386,1.1393,0
2019-05-06 20:00:00,1.1395,1.1397,1.1390,1.1395,0
2019-05-06 19:30:00,1.1396,1.1397,1.1389,1.1395,0
